source_line,method,uri,route_name,surface,inventory_kind,review_status,action,middleware
,GET|HEAD,api/internal/deploy-center/status,,API,supporting flow,OPEN,App\Http\Controllers\Admin\DeployCenterExecutorController@status,api
,GET|HEAD,api/ping,,API,supporting flow,OPEN,Closure,api
,GET|HEAD,api/user,,API,supporting flow,OPEN,Closure,api | App\Http\Middleware\Authenticate:sanctum
238,GET|HEAD,admin,admin.,Admin,page candidate,OPEN,Closure,web | App\Http\Middleware\Authenticate | App\Http\Middleware\AdminMiddleware
241,GET|HEAD,admin/analytics,admin.analytics.index,Admin,page candidate,OPEN,App\Http\Controllers\Admin\AnalyticsController@index,web | App\Http\Middleware\Authenticate | App\Http\Middleware\AdminMiddleware | App\Http\Middleware\PermissionMiddleware:dashboard.view
242,GET|HEAD,admin/analytics/growth,admin.analytics.growth,Admin,page candidate,OPEN,App\Http\Controllers\Admin\AnalyticsController@growth,web | App\Http\Middleware\Authenticate | App\Http\Middleware\AdminMiddleware | App\Http\Middleware\PermissionMiddleware:dashboard.view
243,GET|HEAD,admin/analytics/offers,admin.analytics.offers,Admin,page candidate,OPEN,App\Http\Controllers\Admin\AnalyticsController@offers,web | App\Http\Middleware\Authenticate | App\Http\Middleware\AdminMiddleware | App\Http\Middleware\PermissionMiddleware:dashboard.view
244,GET|HEAD,admin/analytics/products/{product},admin.analytics.products.show,Admin,page candidate,OPEN,App\Http\Controllers\Admin\AnalyticsController@product,web | App\Http\Middleware\Authenticate | App\Http\Middleware\AdminMiddleware | App\Http\Middleware\PermissionMiddleware:dashboard.view
317,GET|HEAD,admin/attributes,admin.attributes.index,Admin,page candidate,OPEN,App\Http\Livewire\Admin\Attribute\Index,web | App\Http\Middleware\Authenticate | App\Http\Middleware\AdminMiddleware | App\Http\Middleware\PermissionMiddleware:catalog.manage
318,GET|HEAD,admin/attributes/{id}/values,admin.attributes.values,Admin,page candidate,OPEN,App\Http\Livewire\Admin\Attribute\Values,web | App\Http\Middleware\Authenticate | App\Http\Middleware\AdminMiddleware | App\Http\Middleware\PermissionMiddleware:catalog.manage
445,GET|HEAD,admin/branding,admin.settings.branding,Admin,page candidate,OPEN,App\Http\Controllers\Admin\SettingController@edit,web | App\Http\Middleware\Authenticate | App\Http\Middleware\AdminMiddleware | App\Http\Middleware\PermissionMiddleware:settings.manage
306,GET|HEAD,admin/brands,admin.brands.index,Admin,page candidate,OPEN,App\Http\Livewire\Admin\Brand\Index,web | App\Http\Middleware\Authenticate | App\Http\Middleware\AdminMiddleware | App\Http\Middleware\PermissionMiddleware:catalog.manage
298,GET|HEAD,admin/categories,admin.categories.index,Admin,page candidate,OPEN,App\Http\Controllers\Admin\CategoryController@index,web | App\Http\Middleware\Authenticate | App\Http\Middleware\AdminMiddleware | App\Http\Middleware\PermissionMiddleware:catalog.manage
299,GET|HEAD,admin/categories/create,admin.categories.create,Admin,page candidate,OPEN,App\Http\Controllers\Admin\CategoryController@create,web | App\Http\Middleware\Authenticate | App\Http\Middleware\AdminMiddleware | App\Http\Middleware\PermissionMiddleware:catalog.manage
301,GET|HEAD,admin/categories/{category}/edit,admin.categories.edit,Admin,page candidate,OPEN,App\Http\Controllers\Admin\CategoryController@edit,web | App\Http\Middleware\Authenticate | App\Http\Middleware\AdminMiddleware | App\Http\Middleware\PermissionMiddleware:catalog.manage
447,GET|HEAD,admin/content,admin.settings.content,Admin,page candidate,OPEN,App\Http\Controllers\Admin\ContentSettingsController@edit,web | App\Http\Middleware\Authenticate | App\Http\Middleware\AdminMiddleware | App\Http\Middleware\PermissionMiddleware:settings.manage
417,GET|HEAD,admin/cost-calculator,admin.cost-calculator.index,Admin,page candidate,OPEN,App\Http\Controllers\Admin\CostCalculatorController@index,web | App\Http\Middleware\Authenticate | App\Http\Middleware\AdminMiddleware | App\Http\Middleware\PermissionMiddleware:inventory.manage
435,GET|HEAD,admin/coupons,admin.coupons.index,Admin,page candidate,OPEN,App\Http\Controllers\Admin\CouponController@index,web | App\Http\Middleware\Authenticate | App\Http\Middleware\AdminMiddleware | App\Http\Middleware\PermissionMiddleware:promotions.manage
436,GET|HEAD,admin/coupons/create,admin.coupons.create,Admin,page candidate,OPEN,App\Http\Controllers\Admin\CouponController@create,web | App\Http\Middleware\Authenticate | App\Http\Middleware\AdminMiddleware | App\Http\Middleware\PermissionMiddleware:promotions.manage
438,GET|HEAD,admin/coupons/{coupon}/edit,admin.coupons.edit,Admin,page candidate,OPEN,App\Http\Controllers\Admin\CouponController@edit,web | App\Http\Middleware\Authenticate | App\Http\Middleware\AdminMiddleware | App\Http\Middleware\PermissionMiddleware:promotions.manage
379,GET|HEAD,admin/customers,admin.customers.index,Admin,page candidate,OPEN,App\Http\Controllers\Admin\CustomerController@index,web | App\Http\Middleware\Authenticate | App\Http\Middleware\AdminMiddleware | App\Http\Middleware\PermissionMiddleware:customers.manage
383,GET|HEAD,admin/customers/{user},admin.customers.show,Admin,page candidate,OPEN,App\Http\Controllers\Admin\CustomerController@show,web | App\Http\Middleware\Authenticate | App\Http\Middleware\AdminMiddleware | App\Http\Middleware\PermissionMiddleware:customers.manage
380,GET|HEAD,admin/customers/{user}/statement,admin.customers.statement,Admin,page candidate,OPEN,App\Http\Controllers\Admin\CustomerController@statement,web | App\Http\Middleware\Authenticate | App\Http\Middleware\AdminMiddleware | App\Http\Middleware\PermissionMiddleware:customers.manage
382,GET|HEAD,admin/customers/{user}/statement/export,admin.customers.statement.export,Admin,supporting flow,OPEN,App\Http\Controllers\Admin\CustomerController@statementExport,web | App\Http\Middleware\Authenticate | App\Http\Middleware\AdminMiddleware | App\Http\Middleware\PermissionMiddleware:customers.manage
381,GET|HEAD,admin/customers/{user}/statement/print,admin.customers.statement.print,Admin,page candidate,OPEN,App\Http\Controllers\Admin\CustomerController@statementPrint,web | App\Http\Middleware\Authenticate | App\Http\Middleware\AdminMiddleware | App\Http\Middleware\PermissionMiddleware:customers.manage
239,GET|HEAD,admin/dashboard,admin.dashboard,Admin,page candidate,OPEN,App\Http\Controllers\Admin\DashBoardController@index,web | App\Http\Middleware\Authenticate | App\Http\Middleware\AdminMiddleware | App\Http\Middleware\PermissionMiddleware:dashboard.view
522,GET|HEAD,admin/deliveries,admin.deliveries.index,Admin,page candidate,OPEN,App\Http\Controllers\Admin\DeliveryController@index,web | App\Http\Middleware\Authenticate | App\Http\Middleware\AdminMiddleware | App\Http\Middleware\PermissionMiddleware:delivery.view
247,GET|HEAD,admin/growth,admin.growth.index,Admin,page candidate,OPEN,App\Http\Controllers\Admin\GrowthController@index,web | App\Http\Middleware\Authenticate | App\Http\Middleware\AdminMiddleware | App\Http\Middleware\PermissionMiddleware:growth.view
259,GET|HEAD,admin/growth/campaigns/create,admin.growth.campaigns.create,Admin,page candidate,OPEN,App\Http\Controllers\Admin\GrowthController@createCampaign,web | App\Http\Middleware\Authenticate | App\Http\Middleware\AdminMiddleware | App\Http\Middleware\PermissionMiddleware:growth.manage
261,GET|HEAD,admin/growth/campaigns/{campaign}/edit,admin.growth.campaigns.edit,Admin,page candidate,OPEN,App\Http\Controllers\Admin\GrowthController@editCampaign,web | App\Http\Middleware\Authenticate | App\Http\Middleware\AdminMiddleware | App\Http\Middleware\PermissionMiddleware:growth.manage
248,GET|HEAD,admin/growth/content,admin.growth.content,Admin,page candidate,OPEN,App\Http\Controllers\Admin\GrowthController@content,web | App\Http\Middleware\Authenticate | App\Http\Middleware\AdminMiddleware | App\Http\Middleware\PermissionMiddleware:growth.view
286,GET|HEAD,admin/growth/experiments/create,admin.growth.experiments.create,Admin,page candidate,OPEN,App\Http\Controllers\Admin\GrowthController@createExperiment,web | App\Http\Middleware\Authenticate | App\Http\Middleware\AdminMiddleware | App\Http\Middleware\PermissionMiddleware:growth.manage
288,GET|HEAD,admin/growth/experiments/{experiment}/edit,admin.growth.experiments.edit,Admin,page candidate,OPEN,App\Http\Controllers\Admin\GrowthController@editExperiment,web | App\Http\Middleware\Authenticate | App\Http\Middleware\AdminMiddleware | App\Http\Middleware\PermissionMiddleware:growth.manage
250,GET|HEAD,admin/growth/insights,admin.growth.insights,Admin,page candidate,OPEN,App\Http\Controllers\Admin\GrowthController@insights,web | App\Http\Middleware\Authenticate | App\Http\Middleware\AdminMiddleware | App\Http\Middleware\PermissionMiddleware:growth.view
249,GET|HEAD,admin/growth/operations,admin.growth.operations,Admin,page candidate,OPEN,App\Http\Controllers\Admin\GrowthController@operations,web | App\Http\Middleware\Authenticate | App\Http\Middleware\AdminMiddleware | App\Http\Middleware\PermissionMiddleware:growth.view
267,GET|HEAD,admin/growth/rules/create,admin.growth.rules.create,Admin,page candidate,OPEN,App\Http\Controllers\Admin\GrowthController@createRule,web | App\Http\Middleware\Authenticate | App\Http\Middleware\AdminMiddleware | App\Http\Middleware\PermissionMiddleware:growth.manage
269,GET|HEAD,admin/growth/rules/{rule}/edit,admin.growth.rules.edit,Admin,page candidate,OPEN,App\Http\Controllers\Admin\GrowthController@editRule,web | App\Http\Middleware\Authenticate | App\Http\Middleware\AdminMiddleware | App\Http\Middleware\PermissionMiddleware:growth.manage
280,GET|HEAD,admin/growth/segments/create,admin.growth.segments.create,Admin,page candidate,OPEN,App\Http\Controllers\Admin\GrowthController@createSegment,web | App\Http\Middleware\Authenticate | App\Http\Middleware\AdminMiddleware | App\Http\Middleware\PermissionMiddleware:growth.manage
282,GET|HEAD,admin/growth/segments/{segment}/edit,admin.growth.segments.edit,Admin,page candidate,OPEN,App\Http\Controllers\Admin\GrowthController@editSegment,web | App\Http\Middleware\Authenticate | App\Http\Middleware\AdminMiddleware | App\Http\Middleware\PermissionMiddleware:growth.manage
274,GET|HEAD,admin/growth/templates/create,admin.growth.templates.create,Admin,page candidate,OPEN,App\Http\Controllers\Admin\GrowthController@createTemplate,web | App\Http\Middleware\Authenticate | App\Http\Middleware\AdminMiddleware | App\Http\Middleware\PermissionMiddleware:growth.manage
276,GET|HEAD,admin/growth/templates/{template}/edit,admin.growth.templates.edit,Admin,page candidate,OPEN,App\Http\Controllers\Admin\GrowthController@editTemplate,web | App\Http\Middleware\Authenticate | App\Http\Middleware\AdminMiddleware | App\Http\Middleware\PermissionMiddleware:growth.manage
489,GET|HEAD,admin/imports,admin.imports.index,Admin,page candidate,OPEN,App\Http\Controllers\Admin\ImportController@index,web | App\Http\Middleware\Authenticate | App\Http\Middleware\AdminMiddleware | App\Http\Middleware\PermissionMiddleware:imports.manage
410,GET|HEAD,admin/inventory,admin.inventory.index,Admin,page candidate,OPEN,App\Http\Controllers\Admin\InventoryController@index,web | App\Http\Middleware\Authenticate | App\Http\Middleware\AdminMiddleware | App\Http\Middleware\PermissionMiddleware:inventory.manage
413,GET|HEAD,admin/inventory/adjust,admin.inventory.adjust,Admin,page candidate,OPEN,App\Http\Controllers\Admin\InventoryController@adjustForm,web | App\Http\Middleware\Authenticate | App\Http\Middleware\AdminMiddleware | App\Http\Middleware\PermissionMiddleware:inventory.manage
412,GET|HEAD,admin/inventory/labels/{product},admin.inventory.labels,Admin,page candidate,OPEN,App\Http\Controllers\Admin\InventoryController@labelPrint,web | App\Http\Middleware\Authenticate | App\Http\Middleware\AdminMiddleware | App\Http\Middleware\PermissionMiddleware:inventory.manage
411,GET|HEAD,admin/inventory/scan,admin.inventory.scan,Admin,page candidate,OPEN,App\Http\Controllers\Admin\InventoryController@scanForm,web | App\Http\Middleware\Authenticate | App\Http\Middleware\AdminMiddleware | App\Http\Middleware\PermissionMiddleware:inventory.manage
614,GET|HEAD,admin/notifications,admin.notifications.index,Admin,page candidate,OPEN,App\Http\Controllers\Admin\NotificationController@index,web | App\Http\Middleware\Authenticate | App\Http\Middleware\AdminMiddleware | App\Http\Middleware\PermissionMiddleware:notifications.view
328,GET|HEAD,admin/orders,admin.orders.index,Admin,page candidate,OPEN,App\Http\Controllers\Admin\OrderController@index,web | App\Http\Middleware\Authenticate | App\Http\Middleware\AdminMiddleware | App\Http\Middleware\PermissionMiddleware:orders.view
329,GET|HEAD,admin/orders/{order},admin.orders.show,Admin,page candidate,OPEN,App\Http\Controllers\Admin\OrderController@show,web | App\Http\Middleware\Authenticate | App\Http\Middleware\AdminMiddleware | App\Http\Middleware\PermissionMiddleware:orders.view
330,GET|HEAD,admin/orders/{order}/receipt,admin.orders.receipt,Admin,page candidate,OPEN,App\Http\Controllers\Admin\OrderController@receipt,web | App\Http\Middleware\Authenticate | App\Http\Middleware\AdminMiddleware | App\Http\Middleware\PermissionMiddleware:orders.view
512,GET|HEAD,admin/payments,admin.payments.index,Admin,page candidate,OPEN,App\Http\Controllers\Admin\PaymentController@index,web | App\Http\Middleware\Authenticate | App\Http\Middleware\AdminMiddleware | App\Http\Middleware\PermissionMiddleware:payments.view
513,GET|HEAD,admin/payments/{payment},admin.payments.show,Admin,page candidate,OPEN,App\Http\Controllers\Admin\PaymentController@show,web | App\Http\Middleware\Authenticate | App\Http\Middleware\AdminMiddleware | App\Http\Middleware\PermissionMiddleware:payments.view
620,GET|HEAD,admin/permissions,admin.permissions.index,Admin,page candidate,OPEN,App\Http\Controllers\Admin\PermissionController@index,web | App\Http\Middleware\Authenticate | App\Http\Middleware\AdminMiddleware | App\Http\Middleware\PermissionMiddleware:permissions.manage
353,GET|HEAD,admin/pos,admin.pos.index,Admin,page candidate,OPEN,App\Http\Controllers\Admin\PosController@index,web | App\Http\Middleware\Authenticate | App\Http\Middleware\AdminMiddleware | App\Http\Middleware\PermissionMiddleware:pos.manage
355,GET|HEAD,admin/pos/lookups/customers,admin.pos.lookups.customers,Admin,supporting flow,OPEN,App\Http\Controllers\Admin\PosController@customerLookup,web | App\Http\Middleware\Authenticate | App\Http\Middleware\AdminMiddleware | App\Http\Middleware\PermissionMiddleware:pos.manage
354,GET|HEAD,admin/pos/lookups/products,admin.pos.lookups.products,Admin,supporting flow,OPEN,App\Http\Controllers\Admin\PosController@productLookup,web | App\Http\Middleware\Authenticate | App\Http\Middleware\AdminMiddleware | App\Http\Middleware\PermissionMiddleware:pos.manage
373,GET|HEAD,admin/pos/sales/{order},admin.pos.sales.show,Admin,page candidate,OPEN,App\Http\Controllers\Admin\PosController@sale,web | App\Http\Middleware\Authenticate | App\Http\Middleware\AdminMiddleware | App\Http\Middleware\PermissionMiddleware:pos.manage
349,GET|HEAD,admin/pos/shifts,admin.pos.shifts.index,Admin,page candidate,OPEN,App\Http\Controllers\Admin\PosController@shifts,web | App\Http\Middleware\Authenticate | App\Http\Middleware\AdminMiddleware | App\Http\Middleware\PermissionMiddleware:pos.shifts.review
309,GET|HEAD,admin/products,admin.products.index,Admin,page candidate,OPEN,App\Http\Controllers\Admin\ProductController@index,web | App\Http\Middleware\Authenticate | App\Http\Middleware\AdminMiddleware | App\Http\Middleware\PermissionMiddleware:catalog.manage
310,GET|HEAD,admin/products/create,admin.products.create,Admin,page candidate,OPEN,App\Http\Controllers\Admin\ProductController@create,web | App\Http\Middleware\Authenticate | App\Http\Middleware\AdminMiddleware | App\Http\Middleware\PermissionMiddleware:catalog.manage
312,GET|HEAD,admin/products/{product}/edit,admin.products.edit,Admin,page candidate,OPEN,App\Http\Controllers\Admin\ProductController@edit,web | App\Http\Middleware\Authenticate | App\Http\Middleware\AdminMiddleware | App\Http\Middleware\PermissionMiddleware:catalog.manage
426,GET|HEAD,admin/promotions,admin.promotions.index,Admin,page candidate,OPEN,App\Http\Controllers\Admin\PromotionController@index,web | App\Http\Middleware\Authenticate | App\Http\Middleware\AdminMiddleware | App\Http\Middleware\PermissionMiddleware:promotions.manage
427,GET|HEAD,admin/promotions/create,admin.promotions.create,Admin,page candidate,OPEN,App\Http\Controllers\Admin\PromotionController@create,web | App\Http\Middleware\Authenticate | App\Http\Middleware\AdminMiddleware | App\Http\Middleware\PermissionMiddleware:promotions.manage
429,GET|HEAD,admin/promotions/{promotion}/edit,admin.promotions.edit,Admin,page candidate,OPEN,App\Http\Controllers\Admin\PromotionController@edit,web | App\Http\Middleware\Authenticate | App\Http\Middleware\AdminMiddleware | App\Http\Middleware\PermissionMiddleware:promotions.manage
399,GET|HEAD,admin/purchases,admin.purchases.index,Admin,page candidate,OPEN,App\Http\Controllers\Admin\PurchaseController@index,web | App\Http\Middleware\Authenticate | App\Http\Middleware\AdminMiddleware | App\Http\Middleware\PermissionMiddleware:inventory.manage
400,GET|HEAD,admin/purchases/create,admin.purchases.create,Admin,page candidate,OPEN,App\Http\Controllers\Admin\PurchaseController@create,web | App\Http\Middleware\Authenticate | App\Http\Middleware\AdminMiddleware | App\Http\Middleware\PermissionMiddleware:inventory.manage
402,GET|HEAD,admin/purchases/{purchase},admin.purchases.show,Admin,page candidate,OPEN,App\Http\Controllers\Admin\PurchaseController@show,web | App\Http\Middleware\Authenticate | App\Http\Middleware\AdminMiddleware | App\Http\Middleware\PermissionMiddleware:inventory.manage
403,GET|HEAD,admin/purchases/{purchase}/receiving,admin.purchases.receiving,Admin,page candidate,OPEN,App\Http\Controllers\Admin\PurchaseController@receiving,web | App\Http\Middleware\Authenticate | App\Http\Middleware\AdminMiddleware | App\Http\Middleware\PermissionMiddleware:inventory.manage
332,GET|HEAD,admin/returns,admin.returns.index,Admin,page candidate,OPEN,App\Http\Controllers\Admin\ReturnRequestController@index,web | App\Http\Middleware\Authenticate | App\Http\Middleware\AdminMiddleware | App\Http\Middleware\PermissionMiddleware:orders.view
333,GET|HEAD,admin/returns/{returnRequest},admin.returns.show,Admin,page candidate,OPEN,App\Http\Controllers\Admin\ReturnRequestController@show,web | App\Http\Middleware\Authenticate | App\Http\Middleware\AdminMiddleware | App\Http\Middleware\PermissionMiddleware:orders.view
322,GET|HEAD,admin/reviews,admin.reviews.index,Admin,page candidate,OPEN,App\Http\Controllers\Admin\ProductReviewController@index,web | App\Http\Middleware\Authenticate | App\Http\Middleware\AdminMiddleware | App\Http\Middleware\PermissionMiddleware:reviews.manage
481,GET|HEAD,admin/settings/deploy-center,admin.settings.deploy-center,Admin,page candidate,OPEN,App\Http\Controllers\Admin\DeployCenterController@index,web | App\Http\Middleware\Authenticate | App\Http\Middleware\AdminMiddleware | App\Http\Middleware\PermissionMiddleware:deploy.manage
459,GET|HEAD,admin/settings/notifications,admin.settings.notifications,Admin,page candidate,OPEN,App\Http\Controllers\Admin\NotificationCenterController@edit,web | App\Http\Middleware\Authenticate | App\Http\Middleware\AdminMiddleware | App\Http\Middleware\PermissionMiddleware:settings.manage
462,GET|HEAD,admin/settings/notifications/automation,admin.settings.notifications.automation,Admin,page candidate,OPEN,App\Http\Controllers\Admin\NotificationCenterController@automation,web | App\Http\Middleware\Authenticate | App\Http\Middleware\AdminMiddleware | App\Http\Middleware\PermissionMiddleware:settings.manage
463,GET|HEAD,admin/settings/notifications/diagnostics,admin.settings.notifications.diagnostics,Admin,page candidate,OPEN,App\Http\Controllers\Admin\NotificationCenterController@diagnostics,web | App\Http\Middleware\Authenticate | App\Http\Middleware\AdminMiddleware | App\Http\Middleware\PermissionMiddleware:settings.manage
460,GET|HEAD,admin/settings/notifications/logs,admin.settings.notifications.logs,Admin,page candidate,OPEN,App\Http\Controllers\Admin\NotificationCenterController@logs,web | App\Http\Middleware\Authenticate | App\Http\Middleware\AdminMiddleware | App\Http\Middleware\PermissionMiddleware:settings.manage
461,GET|HEAD,admin/settings/notifications/templates,admin.settings.notifications.templates,Admin,page candidate,OPEN,App\Http\Controllers\Admin\NotificationCenterController@templates,web | App\Http\Middleware\Authenticate | App\Http\Middleware\AdminMiddleware | App\Http\Middleware\PermissionMiddleware:settings.manage
518,GET|HEAD,admin/settings/payments,admin.settings.payments,Admin,page candidate,OPEN,App\Http\Controllers\Admin\PaymentSettingsController@edit,web | App\Http\Middleware\Authenticate | App\Http\Middleware\AdminMiddleware | App\Http\Middleware\PermissionMiddleware:payments.settings
449,GET|HEAD,admin/settings/shipping/methods,admin.settings.shipping.methods,Admin,page candidate,OPEN,App\Http\Controllers\Admin\ShippingSettingsController@methods,web | App\Http\Middleware\Authenticate | App\Http\Middleware\AdminMiddleware | App\Http\Middleware\PermissionMiddleware:settings.manage
456,GET|HEAD,admin/settings/shipping/rates,admin.settings.shipping.rates,Admin,page candidate,OPEN,App\Http\Controllers\Admin\ShippingSettingsController@rates,web | App\Http\Middleware\Authenticate | App\Http\Middleware\AdminMiddleware | App\Http\Middleware\PermissionMiddleware:settings.manage
451,GET|HEAD,admin/settings/shipping/zones,admin.settings.shipping.zones,Admin,page candidate,OPEN,App\Http\Controllers\Admin\ShippingSettingsController@zones,web | App\Http\Middleware\Authenticate | App\Http\Middleware\AdminMiddleware | App\Http\Middleware\PermissionMiddleware:settings.manage
458,GET|HEAD,admin/settings/whatsapp,admin.settings.whatsapp,Admin,page candidate,OPEN,App\Http\Controllers\Admin\WhatsAppSettingsController@edit,web | App\Http\Middleware\Authenticate | App\Http\Middleware\AdminMiddleware | App\Http\Middleware\PermissionMiddleware:settings.manage
390,GET|HEAD,admin/suppliers,admin.suppliers.index,Admin,page candidate,OPEN,App\Http\Controllers\Admin\SupplierController@index,web | App\Http\Middleware\Authenticate | App\Http\Middleware\AdminMiddleware | App\Http\Middleware\PermissionMiddleware:inventory.manage
391,GET|HEAD,admin/suppliers/create,admin.suppliers.create,Admin,page candidate,OPEN,App\Http\Controllers\Admin\SupplierController@create,web | App\Http\Middleware\Authenticate | App\Http\Middleware\AdminMiddleware | App\Http\Middleware\PermissionMiddleware:inventory.manage
393,GET|HEAD,admin/suppliers/{supplier}/edit,admin.suppliers.edit,Admin,page candidate,OPEN,App\Http\Controllers\Admin\SupplierController@edit,web | App\Http\Middleware\Authenticate | App\Http\Middleware\AdminMiddleware | App\Http\Middleware\PermissionMiddleware:inventory.manage
507,GET|HEAD,admin/support,admin.support.index,Admin,page candidate,OPEN,App\Http\Controllers\Admin\SupportCaseController@index,web | App\Http\Middleware\Authenticate | App\Http\Middleware\AdminMiddleware | App\Http\Middleware\PermissionMiddleware:support.view
496,GET|HEAD,admin/support/create,admin.support.create,Admin,page candidate,OPEN,App\Http\Controllers\Admin\SupportCaseController@create,web | App\Http\Middleware\Authenticate | App\Http\Middleware\AdminMiddleware | App\Http\Middleware\PermissionMiddleware:support.manage
498,GET|HEAD,admin/support/settings,admin.support.settings,Admin,page candidate,OPEN,App\Http\Controllers\Admin\SupportCaseController@settings,web | App\Http\Middleware\Authenticate | App\Http\Middleware\AdminMiddleware | App\Http\Middleware\PermissionMiddleware:support.manage
508,GET|HEAD,admin/support/{supportCase},admin.support.show,Admin,page candidate,OPEN,App\Http\Controllers\Admin\SupportCaseController@show,web | App\Http\Middleware\Authenticate | App\Http\Middleware\AdminMiddleware | App\Http\Middleware\PermissionMiddleware:support.view
553,GET|HEAD,admin/workforce/attendance,admin.workforce.attendance.index,Admin,page candidate,OPEN,App\Http\Controllers\Admin\AttendanceController@index,web | App\Http\Middleware\Authenticate | App\Http\Middleware\AdminMiddleware | App\Http\Middleware\PermissionMiddleware:workforce.view
555,GET|HEAD,admin/workforce/corrections,admin.workforce.corrections.index,Admin,page candidate,OPEN,App\Http\Controllers\Admin\AttendanceCorrectionController@index,web | App\Http\Middleware\Authenticate | App\Http\Middleware\AdminMiddleware | App\Http\Middleware\PermissionMiddleware:workforce.view
552,GET|HEAD,admin/workforce/employees,admin.workforce.employees.index,Admin,page candidate,OPEN,App\Http\Controllers\Admin\EmployeeController@index,web | App\Http\Middleware\Authenticate | App\Http\Middleware\AdminMiddleware | App\Http\Middleware\PermissionMiddleware:workforce.view
568,GET|HEAD,admin/workforce/employees/create,admin.workforce.employees.create,Admin,page candidate,OPEN,App\Http\Controllers\Admin\EmployeeController@create,web | App\Http\Middleware\Authenticate | App\Http\Middleware\AdminMiddleware | App\Http\Middleware\PermissionMiddleware:workforce.manage
570,GET|HEAD,admin/workforce/employees/{employeeProfile}/edit,admin.workforce.employees.edit,Admin,page candidate,OPEN,App\Http\Controllers\Admin\EmployeeController@edit,web | App\Http\Middleware\Authenticate | App\Http\Middleware\AdminMiddleware | App\Http\Middleware\PermissionMiddleware:workforce.manage
556,GET|HEAD,admin/workforce/leave,admin.workforce.leave.index,Admin,page candidate,OPEN,App\Http\Controllers\Admin\LeaveController@index,web | App\Http\Middleware\Authenticate | App\Http\Middleware\AdminMiddleware | App\Http\Middleware\PermissionMiddleware:workforce.view
590,GET|HEAD,admin/workforce/leave-adjustment,admin.workforce.leave.adjustment,Admin,page candidate,OPEN,App\Http\Controllers\Admin\LeaveController@adjustmentForm,web | App\Http\Middleware\Authenticate | App\Http\Middleware\AdminMiddleware | App\Http\Middleware\PermissionMiddleware:workforce.manage
557,GET|HEAD,admin/workforce/leave-types,admin.workforce.leave-types.index,Admin,page candidate,OPEN,App\Http\Controllers\Admin\LeaveTypeController@index,web | App\Http\Middleware\Authenticate | App\Http\Middleware\AdminMiddleware | App\Http\Middleware\PermissionMiddleware:workforce.view
595,GET|HEAD,admin/workforce/leave-types/create,admin.workforce.leave-types.create,Admin,page candidate,OPEN,App\Http\Controllers\Admin\LeaveTypeController@create,web | App\Http\Middleware\Authenticate | App\Http\Middleware\AdminMiddleware | App\Http\Middleware\PermissionMiddleware:workforce.manage
597,GET|HEAD,admin/workforce/leave-types/{employeeLeaveType}/edit,admin.workforce.leave-types.edit,Admin,page candidate,OPEN,App\Http\Controllers\Admin\LeaveTypeController@edit,web | App\Http\Middleware\Authenticate | App\Http\Middleware\AdminMiddleware | App\Http\Middleware\PermissionMiddleware:workforce.manage
541,GET|HEAD,admin/workforce/my-leave,admin.workforce.my-leave,Admin,page candidate,OPEN,App\Http\Controllers\Admin\LeaveController@myLeave,web | App\Http\Middleware\Authenticate | App\Http\Middleware\AdminMiddleware | App\Http\Middleware\PermissionMiddleware:workforce.clock
547,GET|HEAD,admin/workforce/my-payslips,admin.workforce.payroll.my-payslips,Admin,page candidate,OPEN,App\Http\Controllers\Admin\PayrollController@myPayslips,web | App\Http\Middleware\Authenticate | App\Http\Middleware\AdminMiddleware | App\Http\Middleware\PermissionMiddleware:workforce.payroll.self
548,GET|HEAD,admin/workforce/my-payslips/{payrollEntry},admin.workforce.payroll.my-payslip,Admin,page candidate,OPEN,App\Http\Controllers\Admin\PayrollController@myPayslip,web | App\Http\Middleware\Authenticate | App\Http\Middleware\AdminMiddleware | App\Http\Middleware\PermissionMiddleware:workforce.payroll.self
538,GET|HEAD,admin/workforce/my-schedule,admin.workforce.my-schedule,Admin,page candidate,OPEN,App\Http\Controllers\Admin\WorkShiftController@mySchedule,web | App\Http\Middleware\Authenticate | App\Http\Middleware\AdminMiddleware | App\Http\Middleware\PermissionMiddleware:workforce.clock
561,GET|HEAD,admin/workforce/payroll,admin.workforce.payroll.index,Admin,page candidate,OPEN,App\Http\Controllers\Admin\PayrollController@index,web | App\Http\Middleware\Authenticate | App\Http\Middleware\AdminMiddleware | App\Http\Middleware\PermissionMiddleware:workforce.payroll.view
564,GET|HEAD,admin/workforce/payroll/compensation,admin.workforce.payroll.compensation.index,Admin,page candidate,OPEN,App\Http\Controllers\Admin\CompensationController@index,web | App\Http\Middleware\Authenticate | App\Http\Middleware\AdminMiddleware | App\Http\Middleware\PermissionMiddleware:workforce.payroll.view
609,GET|HEAD,admin/workforce/payroll/compensation/{employeeProfile}/edit,admin.workforce.payroll.compensation.edit,Admin,page candidate,OPEN,App\Http\Controllers\Admin\CompensationController@edit,web | App\Http\Middleware\Authenticate | App\Http\Middleware\AdminMiddleware | App\Http\Middleware\PermissionMiddleware:workforce.payroll.manage
563,GET|HEAD,admin/workforce/payroll/entries/{payrollEntry},admin.workforce.payroll.entries.show,Admin,page candidate,OPEN,App\Http\Controllers\Admin\PayrollController@showEntry,web | App\Http\Middleware\Authenticate | App\Http\Middleware\AdminMiddleware | App\Http\Middleware\PermissionMiddleware:workforce.payroll.view
562,GET|HEAD,admin/workforce/payroll/runs/{payrollRun},admin.workforce.payroll.runs.show,Admin,page candidate,OPEN,App\Http\Controllers\Admin\PayrollController@showRun,web | App\Http\Middleware\Authenticate | App\Http\Middleware\AdminMiddleware | App\Http\Middleware\PermissionMiddleware:workforce.payroll.view
554,GET|HEAD,admin/workforce/schedule,admin.workforce.schedule.index,Admin,page candidate,OPEN,App\Http\Controllers\Admin\WorkShiftController@index,web | App\Http\Middleware\Authenticate | App\Http\Middleware\AdminMiddleware | App\Http\Middleware\PermissionMiddleware:workforce.view
575,GET|HEAD,admin/workforce/schedule/create,admin.workforce.schedule.create,Admin,page candidate,OPEN,App\Http\Controllers\Admin\WorkShiftController@create,web | App\Http\Middleware\Authenticate | App\Http\Middleware\AdminMiddleware | App\Http\Middleware\PermissionMiddleware:workforce.manage
577,GET|HEAD,admin/workforce/schedule/{employeeWorkShift}/edit,admin.workforce.schedule.edit,Admin,page candidate,OPEN,App\Http\Controllers\Admin\WorkShiftController@edit,web | App\Http\Middleware\Authenticate | App\Http\Middleware\AdminMiddleware | App\Http\Middleware\PermissionMiddleware:workforce.manage
526,GET|HEAD,admin/workforce/time-clock,admin.workforce.time-clock,Admin,page candidate,OPEN,App\Http\Controllers\Admin\AttendanceController@timeClock,web | App\Http\Middleware\Authenticate | App\Http\Middleware\AdminMiddleware | App\Http\Middleware\PermissionMiddleware:workforce.clock
534,GET|HEAD,admin/workforce/time-clock/sessions/{employeeAttendanceSession}/correction,admin.workforce.corrections.create,Admin,page candidate,OPEN,App\Http\Controllers\Admin\AttendanceCorrectionController@create,web | App\Http\Middleware\Authenticate | App\Http\Middleware\AdminMiddleware | App\Http\Middleware\PermissionMiddleware:workforce.clock
,GET|HEAD,login,login,Auth,page candidate,OPEN,App\Http\Controllers\Auth\LoginController@showLoginForm,web | App\Http\Middleware\RedirectIfAuthenticated
,GET|HEAD,password/confirm,password.confirm,Auth,page candidate,OPEN,App\Http\Controllers\Auth\ConfirmPasswordController@showConfirmForm,web | App\Http\Middleware\Authenticate
,GET|HEAD,password/reset,password.request,Auth,page candidate,OPEN,App\Http\Controllers\Auth\ForgotPasswordController@showLinkRequestForm,web
,GET|HEAD,password/reset/{token},password.reset,Auth,page candidate,OPEN,App\Http\Controllers\Auth\ResetPasswordController@showResetForm,web
,GET|HEAD,register,register,Auth,page candidate,OPEN,App\Http\Controllers\Auth\RegisterController@showRegistrationForm,web | App\Http\Middleware\RedirectIfAuthenticated
,GET|HEAD,sanctum/csrf-cookie,sanctum.csrf-cookie,Auth infrastructure,supporting flow,OPEN,Laravel\Sanctum\Http\Controllers\CsrfCookieController@show,web
134,GET|HEAD,/,frontend.home,Customer/Public,page candidate,OPEN,App\Http\Controllers\Frontend\FrontendController@index,web
153,GET|HEAD,account,account.index,Customer/Public,page candidate,OPEN,App\Http\Controllers\Frontend\AccountController@index,web | App\Http\Middleware\Authenticate
156,GET|HEAD,account/addresses,account.addresses.index,Customer/Public,page candidate,OPEN,App\Http\Controllers\Frontend\AddressBookController@index,web | App\Http\Middleware\Authenticate
157,GET|HEAD,account/addresses/new,account.addresses.create,Customer/Public,page candidate,OPEN,App\Http\Controllers\Frontend\AddressBookController@create,web | App\Http\Middleware\Authenticate
159,GET|HEAD,account/addresses/{address}/edit,account.addresses.edit,Customer/Public,page candidate,OPEN,App\Http\Controllers\Frontend\AddressBookController@edit,web | App\Http\Middleware\Authenticate
199,GET|HEAD,branding-media/{path},branding.media,Customer/Public,supporting flow,OPEN,Closure,web
144,GET|HEAD,cart,cart.index,Customer/Public,page candidate,OPEN,App\Http\Controllers\Frontend\CartController@index,web
136,GET|HEAD,category/{id},category.products,Customer/Public,page candidate,OPEN,App\Http\Controllers\Frontend\FrontendController@showCategoryProducts,web
166,GET|HEAD,checkout,checkout.index,Customer/Public,page candidate,OPEN,App\Http\Controllers\Frontend\CheckoutController@index,web | App\Http\Middleware\Authenticate
138,GET|HEAD,contact,frontend.contact,Customer/Public,page candidate,OPEN,App\Http\Controllers\Frontend\ContentPageController@contact,web
197,GET|HEAD,home,home,Customer/Public,page candidate,OPEN,App\Http\Controllers\HomeController@index,web | App\Http\Middleware\Authenticate
82,GET|HEAD,locale/{locale},locale.switch,Customer/Public,supporting flow,OPEN,Closure,web
188,GET|HEAD,notifications,notifications.index,Customer/Public,page candidate,OPEN,App\Http\Controllers\Frontend\NotificationController@index,web | App\Http\Middleware\Authenticate
174,GET|HEAD,order-success/{order},orders.success,Customer/Public,page candidate,OPEN,App\Http\Controllers\Frontend\CheckoutController@success,web | App\Http\Middleware\Authenticate
169,GET|HEAD,orders,orders.index,Customer/Public,page candidate,OPEN,App\Http\Controllers\Frontend\CheckoutController@orders,web | App\Http\Middleware\Authenticate
170,GET|HEAD,orders/{order},orders.show,Customer/Public,page candidate,OPEN,App\Http\Controllers\Frontend\CheckoutController@showOrder,web | App\Http\Middleware\Authenticate
171,GET|HEAD,orders/{order}/receipt,orders.receipt,Customer/Public,page candidate,OPEN,App\Http\Controllers\Frontend\CheckoutController@receipt,web | App\Http\Middleware\Authenticate
177,GET|HEAD,orders/{order}/return,returns.create,Customer/Public,page candidate,OPEN,App\Http\Controllers\Frontend\ReturnController@create,web | App\Http\Middleware\Authenticate
191,GET|HEAD,payments/paymob/{order}/redirect,payments.paymob.redirect,Customer/Public,supporting flow,OPEN,App\Http\Controllers\Frontend\PaymobController@redirect,web | App\Http\Middleware\Authenticate
192,GET|HEAD,payments/paymob/{order}/result,payments.paymob.result,Customer/Public,page candidate,OPEN,App\Http\Controllers\Frontend\PaymobController@result,web | App\Http\Middleware\Authenticate
65,GET|HEAD,ping,,Customer/Public,supporting flow,OPEN,Closure,web
139,GET|HEAD,privacy-policy,frontend.privacy,Customer/Public,page candidate,OPEN,App\Http\Controllers\Frontend\ContentPageController@privacy,web
137,GET|HEAD,products/{product:slug},frontend.products.show,Customer/Public,page candidate,OPEN,App\Http\Controllers\Frontend\ProductController@show,web
141,GET|HEAD,refund-policy,frontend.refund,Customer/Public,page candidate,OPEN,App\Http\Controllers\Frontend\ContentPageController@refund,web
176,GET|HEAD,returns,returns.index,Customer/Public,page candidate,OPEN,App\Http\Controllers\Frontend\ReturnController@index,web | App\Http\Middleware\Authenticate
179,GET|HEAD,returns/{returnRequest},returns.show,Customer/Public,page candidate,OPEN,App\Http\Controllers\Frontend\ReturnController@show,web | App\Http\Middleware\Authenticate
135,GET|HEAD,search,frontend.search,Customer/Public,page candidate,OPEN,App\Http\Controllers\Frontend\FrontendController@search,web
142,GET|HEAD,shipping-policy,frontend.shipping,Customer/Public,page candidate,OPEN,App\Http\Controllers\Frontend\ContentPageController@shipping,web
182,GET|HEAD,support,support.index,Customer/Public,page candidate,OPEN,App\Http\Controllers\Frontend\SupportController@index,web | App\Http\Middleware\Authenticate
183,GET|HEAD,support/new,support.create,Customer/Public,page candidate,OPEN,App\Http\Controllers\Frontend\SupportController@create,web | App\Http\Middleware\Authenticate
185,GET|HEAD,support/{supportCase},support.show,Customer/Public,page candidate,OPEN,App\Http\Controllers\Frontend\SupportController@show,web | App\Http\Middleware\Authenticate
140,GET|HEAD,terms-and-conditions,frontend.terms,Customer/Public,page candidate,OPEN,App\Http\Controllers\Frontend\ContentPageController@terms,web
,GET|HEAD,_ignition/health-check,ignition.healthCheck,Development tooling,supporting flow,OPEN,Spatie\LaravelIgnition\Http\Controllers\HealthCheckController,Spatie\LaravelIgnition\Http\Middleware\RunnableSolutionsEnabled
,GET|HEAD,livewire-012c1575/css/{component}.css,,Livewire,supporting flow,OPEN,Closure,
,GET|HEAD,livewire-012c1575/css/{component}.global.css,,Livewire,supporting flow,OPEN,Closure,
,GET|HEAD,livewire-012c1575/js/{component}.js,,Livewire,supporting flow,OPEN,Closure,
,GET|HEAD,livewire-012c1575/livewire.csp.min.js.map,,Livewire,supporting flow,OPEN,Livewire\Mechanisms\FrontendAssets\FrontendAssets@cspMaps,
,GET|HEAD,livewire-012c1575/livewire.min.js,,Livewire,supporting flow,OPEN,Livewire\Mechanisms\FrontendAssets\FrontendAssets@returnJavaScriptAsFile,
,GET|HEAD,livewire-012c1575/livewire.min.js.map,,Livewire,supporting flow,OPEN,Livewire\Mechanisms\FrontendAssets\FrontendAssets@maps,
,GET|HEAD,livewire-012c1575/preview-file/{filename},livewire.preview-file,Livewire,supporting flow,OPEN,Livewire\Features\SupportFileUploads\FilePreviewController@handle,web
,GET|POST|HEAD,payments/paymob/callback,payments.paymob.callback,Payment integration,supporting flow,OPEN,App\Http\Controllers\Frontend\PaymobController@callback,web
