domain,method,uri,name,action,middleware
,GET|HEAD,/,frontend.home,App\Http\Controllers\Frontend\FrontendController@index,web
,POST,_ignition/execute-solution,ignition.executeSolution,Spatie\LaravelIgnition\Http\Controllers\ExecuteSolutionController,Spatie\LaravelIgnition\Http\Middleware\RunnableSolutionsEnabled
,GET|HEAD,_ignition/health-check,ignition.healthCheck,Spatie\LaravelIgnition\Http\Controllers\HealthCheckController,Spatie\LaravelIgnition\Http\Middleware\RunnableSolutionsEnabled
,POST,_ignition/update-config,ignition.updateConfig,Spatie\LaravelIgnition\Http\Controllers\UpdateConfigController,Spatie\LaravelIgnition\Http\Middleware\RunnableSolutionsEnabled
,GET|HEAD,account,account.index,App\Http\Controllers\Frontend\AccountController@index,web | App\Http\Middleware\Authenticate
,GET|HEAD,account/addresses,account.addresses.index,App\Http\Controllers\Frontend\AddressBookController@index,web | App\Http\Middleware\Authenticate
,POST,account/addresses,account.addresses.store,App\Http\Controllers\Frontend\AddressBookController@store,web | App\Http\Middleware\Authenticate
,GET|HEAD,account/addresses/new,account.addresses.create,App\Http\Controllers\Frontend\AddressBookController@create,web | App\Http\Middleware\Authenticate
,DELETE,account/addresses/{address},account.addresses.destroy,App\Http\Controllers\Frontend\AddressBookController@destroy,web | App\Http\Middleware\Authenticate
,PATCH,account/addresses/{address},account.addresses.update,App\Http\Controllers\Frontend\AddressBookController@update,web | App\Http\Middleware\Authenticate
,GET|HEAD,account/addresses/{address}/edit,account.addresses.edit,App\Http\Controllers\Frontend\AddressBookController@edit,web | App\Http\Middleware\Authenticate
,PATCH,account/password,account.password.update,App\Http\Controllers\Frontend\AccountController@updatePassword,web | App\Http\Middleware\Authenticate
,PATCH,account/profile,account.profile.update,App\Http\Controllers\Frontend\AccountController@updateProfile,web | App\Http\Middleware\Authenticate
,GET|HEAD,admin,admin.,Closure,web | App\Http\Middleware\Authenticate | App\Http\Middleware\AdminMiddleware
,GET|HEAD,admin/analytics,admin.analytics.index,App\Http\Controllers\Admin\AnalyticsController@index,web | App\Http\Middleware\Authenticate | App\Http\Middleware\AdminMiddleware | App\Http\Middleware\PermissionMiddleware:dashboard.view
,GET|HEAD,admin/analytics/growth,admin.analytics.growth,App\Http\Controllers\Admin\AnalyticsController@growth,web | App\Http\Middleware\Authenticate | App\Http\Middleware\AdminMiddleware | App\Http\Middleware\PermissionMiddleware:dashboard.view
,GET|HEAD,admin/analytics/offers,admin.analytics.offers,App\Http\Controllers\Admin\AnalyticsController@offers,web | App\Http\Middleware\Authenticate | App\Http\Middleware\AdminMiddleware | App\Http\Middleware\PermissionMiddleware:dashboard.view
,GET|HEAD,admin/analytics/products/{product},admin.analytics.products.show,App\Http\Controllers\Admin\AnalyticsController@product,web | App\Http\Middleware\Authenticate | App\Http\Middleware\AdminMiddleware | App\Http\Middleware\PermissionMiddleware:dashboard.view
,GET|HEAD,admin/attributes,admin.attributes.index,App\Http\Livewire\Admin\Attribute\Index,web | App\Http\Middleware\Authenticate | App\Http\Middleware\AdminMiddleware | App\Http\Middleware\PermissionMiddleware:catalog.manage
,GET|HEAD,admin/attributes/{id}/values,admin.attributes.values,App\Http\Livewire\Admin\Attribute\Values,web | App\Http\Middleware\Authenticate | App\Http\Middleware\AdminMiddleware | App\Http\Middleware\PermissionMiddleware:catalog.manage
,GET|HEAD,admin/branding,admin.settings.branding,App\Http\Controllers\Admin\SettingController@edit,web | App\Http\Middleware\Authenticate | App\Http\Middleware\AdminMiddleware | App\Http\Middleware\PermissionMiddleware:settings.manage
,PUT,admin/branding,admin.settings.branding.update,App\Http\Controllers\Admin\SettingController@update,web | App\Http\Middleware\Authenticate | App\Http\Middleware\AdminMiddleware | App\Http\Middleware\PermissionMiddleware:settings.manage
,GET|HEAD,admin/brands,admin.brands.index,App\Http\Livewire\Admin\Brand\Index,web | App\Http\Middleware\Authenticate | App\Http\Middleware\AdminMiddleware | App\Http\Middleware\PermissionMiddleware:catalog.manage
,GET|HEAD,admin/categories,admin.categories.index,App\Http\Controllers\Admin\CategoryController@index,web | App\Http\Middleware\Authenticate | App\Http\Middleware\AdminMiddleware | App\Http\Middleware\PermissionMiddleware:catalog.manage
,POST,admin/categories,admin.categories.store,App\Http\Controllers\Admin\CategoryController@store,web | App\Http\Middleware\Authenticate | App\Http\Middleware\AdminMiddleware | App\Http\Middleware\PermissionMiddleware:catalog.manage
,GET|HEAD,admin/categories/create,admin.categories.create,App\Http\Controllers\Admin\CategoryController@create,web | App\Http\Middleware\Authenticate | App\Http\Middleware\AdminMiddleware | App\Http\Middleware\PermissionMiddleware:catalog.manage
,DELETE,admin/categories/{category},admin.categories.destroy,App\Http\Controllers\Admin\CategoryController@destroy,web | App\Http\Middleware\Authenticate | App\Http\Middleware\AdminMiddleware | App\Http\Middleware\PermissionMiddleware:catalog.manage
,PUT,admin/categories/{category},admin.categories.update,App\Http\Controllers\Admin\CategoryController@update,web | App\Http\Middleware\Authenticate | App\Http\Middleware\AdminMiddleware | App\Http\Middleware\PermissionMiddleware:catalog.manage
,GET|HEAD,admin/categories/{category}/edit,admin.categories.edit,App\Http\Controllers\Admin\CategoryController@edit,web | App\Http\Middleware\Authenticate | App\Http\Middleware\AdminMiddleware | App\Http\Middleware\PermissionMiddleware:catalog.manage
,GET|HEAD,admin/content,admin.settings.content,App\Http\Controllers\Admin\ContentSettingsController@edit,web | App\Http\Middleware\Authenticate | App\Http\Middleware\AdminMiddleware | App\Http\Middleware\PermissionMiddleware:settings.manage
,PUT,admin/content,admin.settings.content.update,App\Http\Controllers\Admin\ContentSettingsController@update,web | App\Http\Middleware\Authenticate | App\Http\Middleware\AdminMiddleware | App\Http\Middleware\PermissionMiddleware:settings.manage
,GET|HEAD,admin/cost-calculator,admin.cost-calculator.index,App\Http\Controllers\Admin\CostCalculatorController@index,web | App\Http\Middleware\Authenticate | App\Http\Middleware\AdminMiddleware | App\Http\Middleware\PermissionMiddleware:inventory.manage
,POST,admin/cost-calculator/materials,admin.cost-calculator.materials.store,App\Http\Controllers\Admin\CostCalculatorController@storeMaterial,web | App\Http\Middleware\Authenticate | App\Http\Middleware\AdminMiddleware | App\Http\Middleware\PermissionMiddleware:inventory.manage
,DELETE,admin/cost-calculator/materials/{material},admin.cost-calculator.materials.destroy,App\Http\Controllers\Admin\CostCalculatorController@destroyMaterial,web | App\Http\Middleware\Authenticate | App\Http\Middleware\AdminMiddleware | App\Http\Middleware\PermissionMiddleware:inventory.manage
,POST,admin/cost-calculator/save,admin.cost-calculator.save,App\Http\Controllers\Admin\CostCalculatorController@saveProductCost,web | App\Http\Middleware\Authenticate | App\Http\Middleware\AdminMiddleware | App\Http\Middleware\PermissionMiddleware:inventory.manage
,GET|HEAD,admin/coupons,admin.coupons.index,App\Http\Controllers\Admin\CouponController@index,web | App\Http\Middleware\Authenticate | App\Http\Middleware\AdminMiddleware | App\Http\Middleware\PermissionMiddleware:promotions.manage
,POST,admin/coupons,admin.coupons.store,App\Http\Controllers\Admin\CouponController@store,web | App\Http\Middleware\Authenticate | App\Http\Middleware\AdminMiddleware | App\Http\Middleware\PermissionMiddleware:promotions.manage
,GET|HEAD,admin/coupons/create,admin.coupons.create,App\Http\Controllers\Admin\CouponController@create,web | App\Http\Middleware\Authenticate | App\Http\Middleware\AdminMiddleware | App\Http\Middleware\PermissionMiddleware:promotions.manage
,DELETE,admin/coupons/{coupon},admin.coupons.destroy,App\Http\Controllers\Admin\CouponController@destroy,web | App\Http\Middleware\Authenticate | App\Http\Middleware\AdminMiddleware | App\Http\Middleware\PermissionMiddleware:promotions.manage
,PUT,admin/coupons/{coupon},admin.coupons.update,App\Http\Controllers\Admin\CouponController@update,web | App\Http\Middleware\Authenticate | App\Http\Middleware\AdminMiddleware | App\Http\Middleware\PermissionMiddleware:promotions.manage
,GET|HEAD,admin/coupons/{coupon}/edit,admin.coupons.edit,App\Http\Controllers\Admin\CouponController@edit,web | App\Http\Middleware\Authenticate | App\Http\Middleware\AdminMiddleware | App\Http\Middleware\PermissionMiddleware:promotions.manage
,GET|HEAD,admin/customers,admin.customers.index,App\Http\Controllers\Admin\CustomerController@index,web | App\Http\Middleware\Authenticate | App\Http\Middleware\AdminMiddleware | App\Http\Middleware\PermissionMiddleware:customers.manage
,GET|HEAD,admin/customers/{user},admin.customers.show,App\Http\Controllers\Admin\CustomerController@show,web | App\Http\Middleware\Authenticate | App\Http\Middleware\AdminMiddleware | App\Http\Middleware\PermissionMiddleware:customers.manage
,PATCH,admin/customers/{user}/role,admin.customers.update-role,App\Http\Controllers\Admin\CustomerController@updateRole,web | App\Http\Middleware\Authenticate | App\Http\Middleware\AdminMiddleware | App\Http\Middleware\PermissionMiddleware:customers.manage
,GET|HEAD,admin/customers/{user}/statement,admin.customers.statement,App\Http\Controllers\Admin\CustomerController@statement,web | App\Http\Middleware\Authenticate | App\Http\Middleware\AdminMiddleware | App\Http\Middleware\PermissionMiddleware:customers.manage
,GET|HEAD,admin/customers/{user}/statement/export,admin.customers.statement.export,App\Http\Controllers\Admin\CustomerController@statementExport,web | App\Http\Middleware\Authenticate | App\Http\Middleware\AdminMiddleware | App\Http\Middleware\PermissionMiddleware:customers.manage
,GET|HEAD,admin/customers/{user}/statement/print,admin.customers.statement.print,App\Http\Controllers\Admin\CustomerController@statementPrint,web | App\Http\Middleware\Authenticate | App\Http\Middleware\AdminMiddleware | App\Http\Middleware\PermissionMiddleware:customers.manage
,GET|HEAD,admin/dashboard,admin.dashboard,App\Http\Controllers\Admin\DashBoardController@index,web | App\Http\Middleware\Authenticate | App\Http\Middleware\AdminMiddleware | App\Http\Middleware\PermissionMiddleware:dashboard.view
,GET|HEAD,admin/deliveries,admin.deliveries.index,App\Http\Controllers\Admin\DeliveryController@index,web | App\Http\Middleware\Authenticate | App\Http\Middleware\AdminMiddleware | App\Http\Middleware\PermissionMiddleware:delivery.view
,PATCH,admin/deliveries/{order},admin.deliveries.update,App\Http\Controllers\Admin\DeliveryController@update,web | App\Http\Middleware\Authenticate | App\Http\Middleware\AdminMiddleware | App\Http\Middleware\PermissionMiddleware:delivery.manage
,GET|HEAD,admin/growth,admin.growth.index,App\Http\Controllers\Admin\GrowthController@index,web | App\Http\Middleware\Authenticate | App\Http\Middleware\AdminMiddleware | App\Http\Middleware\PermissionMiddleware:growth.view
,POST,admin/growth/campaigns,admin.growth.campaigns.store,App\Http\Controllers\Admin\GrowthController@storeCampaign,web | App\Http\Middleware\Authenticate | App\Http\Middleware\AdminMiddleware | App\Http\Middleware\PermissionMiddleware:growth.manage
,GET|HEAD,admin/growth/campaigns/create,admin.growth.campaigns.create,App\Http\Controllers\Admin\GrowthController@createCampaign,web | App\Http\Middleware\Authenticate | App\Http\Middleware\AdminMiddleware | App\Http\Middleware\PermissionMiddleware:growth.manage
,DELETE,admin/growth/campaigns/{campaign},admin.growth.campaigns.destroy,App\Http\Controllers\Admin\GrowthController@destroyCampaign,web | App\Http\Middleware\Authenticate | App\Http\Middleware\AdminMiddleware | App\Http\Middleware\PermissionMiddleware:growth.manage
,PUT,admin/growth/campaigns/{campaign},admin.growth.campaigns.update,App\Http\Controllers\Admin\GrowthController@updateCampaign,web | App\Http\Middleware\Authenticate | App\Http\Middleware\AdminMiddleware | App\Http\Middleware\PermissionMiddleware:growth.manage
,GET|HEAD,admin/growth/campaigns/{campaign}/edit,admin.growth.campaigns.edit,App\Http\Controllers\Admin\GrowthController@editCampaign,web | App\Http\Middleware\Authenticate | App\Http\Middleware\AdminMiddleware | App\Http\Middleware\PermissionMiddleware:growth.manage
,PATCH,admin/growth/campaigns/{campaign}/toggle,admin.growth.campaigns.toggle,App\Http\Controllers\Admin\GrowthController@toggleCampaign,web | App\Http\Middleware\Authenticate | App\Http\Middleware\AdminMiddleware | App\Http\Middleware\PermissionMiddleware:growth.manage
,PATCH,admin/growth/campaigns/{campaign}/toggle-messaging,admin.growth.campaigns.toggle-messaging,App\Http\Controllers\Admin\GrowthController@toggleCampaignMessaging,web | App\Http\Middleware\Authenticate | App\Http\Middleware\AdminMiddleware | App\Http\Middleware\PermissionMiddleware:growth.manage
,GET|HEAD,admin/growth/content,admin.growth.content,App\Http\Controllers\Admin\GrowthController@content,web | App\Http\Middleware\Authenticate | App\Http\Middleware\AdminMiddleware | App\Http\Middleware\PermissionMiddleware:growth.view
,PATCH,admin/growth/deliveries/{delivery}/retry,admin.growth.deliveries.retry,App\Http\Controllers\Admin\GrowthController@retryDelivery,web | App\Http\Middleware\Authenticate | App\Http\Middleware\AdminMiddleware | App\Http\Middleware\PermissionMiddleware:growth.manage
,POST,admin/growth/experiments,admin.growth.experiments.store,App\Http\Controllers\Admin\GrowthController@storeExperiment,web | App\Http\Middleware\Authenticate | App\Http\Middleware\AdminMiddleware | App\Http\Middleware\PermissionMiddleware:growth.manage
,GET|HEAD,admin/growth/experiments/create,admin.growth.experiments.create,App\Http\Controllers\Admin\GrowthController@createExperiment,web | App\Http\Middleware\Authenticate | App\Http\Middleware\AdminMiddleware | App\Http\Middleware\PermissionMiddleware:growth.manage
,DELETE,admin/growth/experiments/{experiment},admin.growth.experiments.destroy,App\Http\Controllers\Admin\GrowthController@destroyExperiment,web | App\Http\Middleware\Authenticate | App\Http\Middleware\AdminMiddleware | App\Http\Middleware\PermissionMiddleware:growth.manage
,PUT,admin/growth/experiments/{experiment},admin.growth.experiments.update,App\Http\Controllers\Admin\GrowthController@updateExperiment,web | App\Http\Middleware\Authenticate | App\Http\Middleware\AdminMiddleware | App\Http\Middleware\PermissionMiddleware:growth.manage
,GET|HEAD,admin/growth/experiments/{experiment}/edit,admin.growth.experiments.edit,App\Http\Controllers\Admin\GrowthController@editExperiment,web | App\Http\Middleware\Authenticate | App\Http\Middleware\AdminMiddleware | App\Http\Middleware\PermissionMiddleware:growth.manage
,PATCH,admin/growth/experiments/{experiment}/toggle,admin.growth.experiments.toggle,App\Http\Controllers\Admin\GrowthController@toggleExperiment,web | App\Http\Middleware\Authenticate | App\Http\Middleware\AdminMiddleware | App\Http\Middleware\PermissionMiddleware:growth.manage
,GET|HEAD,admin/growth/insights,admin.growth.insights,App\Http\Controllers\Admin\GrowthController@insights,web | App\Http\Middleware\Authenticate | App\Http\Middleware\AdminMiddleware | App\Http\Middleware\PermissionMiddleware:growth.view
,GET|HEAD,admin/growth/operations,admin.growth.operations,App\Http\Controllers\Admin\GrowthController@operations,web | App\Http\Middleware\Authenticate | App\Http\Middleware\AdminMiddleware | App\Http\Middleware\PermissionMiddleware:growth.view
,POST,admin/growth/rules,admin.growth.rules.store,App\Http\Controllers\Admin\GrowthController@storeRule,web | App\Http\Middleware\Authenticate | App\Http\Middleware\AdminMiddleware | App\Http\Middleware\PermissionMiddleware:growth.manage
,GET|HEAD,admin/growth/rules/create,admin.growth.rules.create,App\Http\Controllers\Admin\GrowthController@createRule,web | App\Http\Middleware\Authenticate | App\Http\Middleware\AdminMiddleware | App\Http\Middleware\PermissionMiddleware:growth.manage
,DELETE,admin/growth/rules/{rule},admin.growth.rules.destroy,App\Http\Controllers\Admin\GrowthController@destroyRule,web | App\Http\Middleware\Authenticate | App\Http\Middleware\AdminMiddleware | App\Http\Middleware\PermissionMiddleware:growth.manage
,PUT,admin/growth/rules/{rule},admin.growth.rules.update,App\Http\Controllers\Admin\GrowthController@updateRule,web | App\Http\Middleware\Authenticate | App\Http\Middleware\AdminMiddleware | App\Http\Middleware\PermissionMiddleware:growth.manage
,GET|HEAD,admin/growth/rules/{rule}/edit,admin.growth.rules.edit,App\Http\Controllers\Admin\GrowthController@editRule,web | App\Http\Middleware\Authenticate | App\Http\Middleware\AdminMiddleware | App\Http\Middleware\PermissionMiddleware:growth.manage
,PATCH,admin/growth/rules/{rule}/toggle,admin.growth.rules.toggle,App\Http\Controllers\Admin\GrowthController@toggleRule,web | App\Http\Middleware\Authenticate | App\Http\Middleware\AdminMiddleware | App\Http\Middleware\PermissionMiddleware:growth.manage
,POST,admin/growth/run-now,admin.growth.run-now,App\Http\Controllers\Admin\GrowthController@runNow,web | App\Http\Middleware\Authenticate | App\Http\Middleware\AdminMiddleware | App\Http\Middleware\PermissionMiddleware:growth.manage
,POST,admin/growth/segments,admin.growth.segments.store,App\Http\Controllers\Admin\GrowthController@storeSegment,web | App\Http\Middleware\Authenticate | App\Http\Middleware\AdminMiddleware | App\Http\Middleware\PermissionMiddleware:growth.manage
,GET|HEAD,admin/growth/segments/create,admin.growth.segments.create,App\Http\Controllers\Admin\GrowthController@createSegment,web | App\Http\Middleware\Authenticate | App\Http\Middleware\AdminMiddleware | App\Http\Middleware\PermissionMiddleware:growth.manage
,DELETE,admin/growth/segments/{segment},admin.growth.segments.destroy,App\Http\Controllers\Admin\GrowthController@destroySegment,web | App\Http\Middleware\Authenticate | App\Http\Middleware\AdminMiddleware | App\Http\Middleware\PermissionMiddleware:growth.manage
,PUT,admin/growth/segments/{segment},admin.growth.segments.update,App\Http\Controllers\Admin\GrowthController@updateSegment,web | App\Http\Middleware\Authenticate | App\Http\Middleware\AdminMiddleware | App\Http\Middleware\PermissionMiddleware:growth.manage
,GET|HEAD,admin/growth/segments/{segment}/edit,admin.growth.segments.edit,App\Http\Controllers\Admin\GrowthController@editSegment,web | App\Http\Middleware\Authenticate | App\Http\Middleware\AdminMiddleware | App\Http\Middleware\PermissionMiddleware:growth.manage
,PUT,admin/growth/settings,admin.growth.settings.update,App\Http\Controllers\Admin\GrowthController@updateSettings,web | App\Http\Middleware\Authenticate | App\Http\Middleware\AdminMiddleware | App\Http\Middleware\PermissionMiddleware:growth.manage
,POST,admin/growth/templates,admin.growth.templates.store,App\Http\Controllers\Admin\GrowthController@storeTemplate,web | App\Http\Middleware\Authenticate | App\Http\Middleware\AdminMiddleware | App\Http\Middleware\PermissionMiddleware:growth.manage
,GET|HEAD,admin/growth/templates/create,admin.growth.templates.create,App\Http\Controllers\Admin\GrowthController@createTemplate,web | App\Http\Middleware\Authenticate | App\Http\Middleware\AdminMiddleware | App\Http\Middleware\PermissionMiddleware:growth.manage
,DELETE,admin/growth/templates/{template},admin.growth.templates.destroy,App\Http\Controllers\Admin\GrowthController@destroyTemplate,web | App\Http\Middleware\Authenticate | App\Http\Middleware\AdminMiddleware | App\Http\Middleware\PermissionMiddleware:growth.manage
,PUT,admin/growth/templates/{template},admin.growth.templates.update,App\Http\Controllers\Admin\GrowthController@updateTemplate,web | App\Http\Middleware\Authenticate | App\Http\Middleware\AdminMiddleware | App\Http\Middleware\PermissionMiddleware:growth.manage
,GET|HEAD,admin/growth/templates/{template}/edit,admin.growth.templates.edit,App\Http\Controllers\Admin\GrowthController@editTemplate,web | App\Http\Middleware\Authenticate | App\Http\Middleware\AdminMiddleware | App\Http\Middleware\PermissionMiddleware:growth.manage
,DELETE,admin/growth/validation-demo,admin.growth.validation-demo.clear,App\Http\Controllers\Admin\GrowthController@clearValidationDemo,web | App\Http\Middleware\Authenticate | App\Http\Middleware\AdminMiddleware | App\Http\Middleware\PermissionMiddleware:growth.manage
,POST,admin/growth/validation-demo/seed,admin.growth.validation-demo.seed,App\Http\Controllers\Admin\GrowthController@seedValidationDemo,web | App\Http\Middleware\Authenticate | App\Http\Middleware\AdminMiddleware | App\Http\Middleware\PermissionMiddleware:growth.manage
,GET|HEAD,admin/imports,admin.imports.index,App\Http\Controllers\Admin\ImportController@index,web | App\Http\Middleware\Authenticate | App\Http\Middleware\AdminMiddleware | App\Http\Middleware\PermissionMiddleware:imports.manage
,POST,admin/imports,admin.imports.store,App\Http\Controllers\Admin\ImportController@store,web | App\Http\Middleware\Authenticate | App\Http\Middleware\AdminMiddleware | App\Http\Middleware\PermissionMiddleware:imports.manage
,GET|HEAD,admin/inventory,admin.inventory.index,App\Http\Controllers\Admin\InventoryController@index,web | App\Http\Middleware\Authenticate | App\Http\Middleware\AdminMiddleware | App\Http\Middleware\PermissionMiddleware:inventory.manage
,GET|HEAD,admin/inventory/adjust,admin.inventory.adjust,App\Http\Controllers\Admin\InventoryController@adjustForm,web | App\Http\Middleware\Authenticate | App\Http\Middleware\AdminMiddleware | App\Http\Middleware\PermissionMiddleware:inventory.manage
,POST,admin/inventory/adjust,admin.inventory.adjust.store,App\Http\Controllers\Admin\InventoryController@adjust,web | App\Http\Middleware\Authenticate | App\Http\Middleware\AdminMiddleware | App\Http\Middleware\PermissionMiddleware:inventory.manage
,GET|HEAD,admin/inventory/labels/{product},admin.inventory.labels,App\Http\Controllers\Admin\InventoryController@labelPrint,web | App\Http\Middleware\Authenticate | App\Http\Middleware\AdminMiddleware | App\Http\Middleware\PermissionMiddleware:inventory.manage
,GET|HEAD,admin/inventory/scan,admin.inventory.scan,App\Http\Controllers\Admin\InventoryController@scanForm,web | App\Http\Middleware\Authenticate | App\Http\Middleware\AdminMiddleware | App\Http\Middleware\PermissionMiddleware:inventory.manage
,GET|HEAD,admin/notifications,admin.notifications.index,App\Http\Controllers\Admin\NotificationController@index,web | App\Http\Middleware\Authenticate | App\Http\Middleware\AdminMiddleware | App\Http\Middleware\PermissionMiddleware:notifications.view
,PATCH,admin/notifications/read-all,admin.notifications.read-all,App\Http\Controllers\Admin\NotificationController@markAllRead,web | App\Http\Middleware\Authenticate | App\Http\Middleware\AdminMiddleware | App\Http\Middleware\PermissionMiddleware:notifications.view
,PATCH,admin/notifications/{notification}/read,admin.notifications.read,App\Http\Controllers\Admin\NotificationController@markRead,web | App\Http\Middleware\Authenticate | App\Http\Middleware\AdminMiddleware | App\Http\Middleware\PermissionMiddleware:notifications.view
,GET|HEAD,admin/orders,admin.orders.index,App\Http\Controllers\Admin\OrderController@index,web | App\Http\Middleware\Authenticate | App\Http\Middleware\AdminMiddleware | App\Http\Middleware\PermissionMiddleware:orders.view
,DELETE,admin/orders/{order},admin.orders.destroy,App\Http\Controllers\Admin\OrderController@destroy,web | App\Http\Middleware\Authenticate | App\Http\Middleware\AdminMiddleware | App\Http\Middleware\PermissionMiddleware:orders.manage
,GET|HEAD,admin/orders/{order},admin.orders.show,App\Http\Controllers\Admin\OrderController@show,web | App\Http\Middleware\Authenticate | App\Http\Middleware\AdminMiddleware | App\Http\Middleware\PermissionMiddleware:orders.view
,PATCH,admin/orders/{order}/quick-status,admin.orders.quick-status,App\Http\Controllers\Admin\OrderController@quickStatus,web | App\Http\Middleware\Authenticate | App\Http\Middleware\AdminMiddleware | App\Http\Middleware\PermissionMiddleware:orders.manage
,GET|HEAD,admin/orders/{order}/receipt,admin.orders.receipt,App\Http\Controllers\Admin\OrderController@receipt,web | App\Http\Middleware\Authenticate | App\Http\Middleware\AdminMiddleware | App\Http\Middleware\PermissionMiddleware:orders.view
,POST,admin/orders/{order}/refund,admin.orders.refund,App\Http\Controllers\Admin\OrderController@refund,web | App\Http\Middleware\Authenticate | App\Http\Middleware\AdminMiddleware | App\Http\Middleware\PermissionMiddleware:orders.manage
,PATCH,admin/orders/{order}/status,admin.orders.update-status,App\Http\Controllers\Admin\OrderController@updateStatus,web | App\Http\Middleware\Authenticate | App\Http\Middleware\AdminMiddleware | App\Http\Middleware\PermissionMiddleware:orders.manage
,GET|HEAD,admin/payments,admin.payments.index,App\Http\Controllers\Admin\PaymentController@index,web | App\Http\Middleware\Authenticate | App\Http\Middleware\AdminMiddleware | App\Http\Middleware\PermissionMiddleware:payments.view
,GET|HEAD,admin/payments/{payment},admin.payments.show,App\Http\Controllers\Admin\PaymentController@show,web | App\Http\Middleware\Authenticate | App\Http\Middleware\AdminMiddleware | App\Http\Middleware\PermissionMiddleware:payments.view
,PATCH,admin/payments/{payment}/status,admin.payments.update-status,App\Http\Controllers\Admin\PaymentController@updateStatus,web | App\Http\Middleware\Authenticate | App\Http\Middleware\AdminMiddleware | App\Http\Middleware\PermissionMiddleware:payments.manage
,GET|HEAD,admin/permissions,admin.permissions.index,App\Http\Controllers\Admin\PermissionController@index,web | App\Http\Middleware\Authenticate | App\Http\Middleware\AdminMiddleware | App\Http\Middleware\PermissionMiddleware:permissions.manage
,POST,admin/permissions/custom,admin.permissions.custom.store,App\Http\Controllers\Admin\PermissionController@storePermission,web | App\Http\Middleware\Authenticate | App\Http\Middleware\AdminMiddleware | App\Http\Middleware\PermissionMiddleware:permissions.manage
,POST,admin/permissions/roles,admin.permissions.roles.store,App\Http\Controllers\Admin\PermissionController@storeRole,web | App\Http\Middleware\Authenticate | App\Http\Middleware\AdminMiddleware | App\Http\Middleware\PermissionMiddleware:permissions.manage
,DELETE,admin/permissions/roles/{role},admin.permissions.roles.destroy,App\Http\Controllers\Admin\PermissionController@destroyRole,web | App\Http\Middleware\Authenticate | App\Http\Middleware\AdminMiddleware | App\Http\Middleware\PermissionMiddleware:permissions.manage
,PATCH,admin/permissions/roles/{role},admin.permissions.roles.update,App\Http\Controllers\Admin\PermissionController@updateRole,web | App\Http\Middleware\Authenticate | App\Http\Middleware\AdminMiddleware | App\Http\Middleware\PermissionMiddleware:permissions.manage
,PATCH,admin/permissions/users/{user}/role,admin.permissions.users.role,App\Http\Controllers\Admin\PermissionController@updateUserRole,web | App\Http\Middleware\Authenticate | App\Http\Middleware\AdminMiddleware | App\Http\Middleware\PermissionMiddleware:permissions.manage
,GET|HEAD,admin/pos,admin.pos.index,App\Http\Controllers\Admin\PosController@index,web | App\Http\Middleware\Authenticate | App\Http\Middleware\AdminMiddleware | App\Http\Middleware\PermissionMiddleware:pos.manage
,DELETE,admin/pos/carts/{posCart},admin.pos.clear,App\Http\Controllers\Admin\PosController@clear,web | App\Http\Middleware\Authenticate | App\Http\Middleware\AdminMiddleware | App\Http\Middleware\PermissionMiddleware:pos.manage
,POST,admin/pos/carts/{posCart}/checkout,admin.pos.checkout,App\Http\Controllers\Admin\PosController@checkout,web | App\Http\Middleware\Authenticate | App\Http\Middleware\AdminMiddleware | App\Http\Middleware\PermissionMiddleware:pos.manage
,DELETE,admin/pos/carts/{posCart}/customer,admin.pos.customer.detach,App\Http\Controllers\Admin\PosController@detachCustomer,web | App\Http\Middleware\Authenticate | App\Http\Middleware\AdminMiddleware | App\Http\Middleware\PermissionMiddleware:pos.manage
,POST,admin/pos/carts/{posCart}/customers/{user},admin.pos.customer.attach,App\Http\Controllers\Admin\PosController@attachCustomer,web | App\Http\Middleware\Authenticate | App\Http\Middleware\AdminMiddleware | App\Http\Middleware\PermissionMiddleware:pos.manage
,DELETE,admin/pos/carts/{posCart}/discount,admin.pos.discount.destroy,App\Http\Controllers\Admin\PosController@clearCartDiscount,web | App\Http\Middleware\Authenticate | App\Http\Middleware\AdminMiddleware | App\Http\Middleware\PermissionMiddleware:pos.manage
,PATCH,admin/pos/carts/{posCart}/discount,admin.pos.discount.update,App\Http\Controllers\Admin\PosController@updateCartDiscount,web | App\Http\Middleware\Authenticate | App\Http\Middleware\AdminMiddleware | App\Http\Middleware\PermissionMiddleware:pos.manage | App\Http\Middleware\PermissionMiddleware:pos.discount
,DELETE,admin/pos/carts/{posCart}/held,admin.pos.held.destroy,App\Http\Controllers\Admin\PosController@discardHeld,web | App\Http\Middleware\Authenticate | App\Http\Middleware\AdminMiddleware | App\Http\Middleware\PermissionMiddleware:pos.manage
,POST,admin/pos/carts/{posCart}/hold,admin.pos.hold,App\Http\Controllers\Admin\PosController@hold,web | App\Http\Middleware\Authenticate | App\Http\Middleware\AdminMiddleware | App\Http\Middleware\PermissionMiddleware:pos.manage
,DELETE,admin/pos/carts/{posCart}/items/{posCartItem},admin.pos.items.destroy,App\Http\Controllers\Admin\PosController@removeItem,web | App\Http\Middleware\Authenticate | App\Http\Middleware\AdminMiddleware | App\Http\Middleware\PermissionMiddleware:pos.manage
,PATCH,admin/pos/carts/{posCart}/items/{posCartItem},admin.pos.items.update,App\Http\Controllers\Admin\PosController@updateQuantity,web | App\Http\Middleware\Authenticate | App\Http\Middleware\AdminMiddleware | App\Http\Middleware\PermissionMiddleware:pos.manage
,DELETE,admin/pos/carts/{posCart}/items/{posCartItem}/discount,admin.pos.items.discount.destroy,App\Http\Controllers\Admin\PosController@clearItemDiscount,web | App\Http\Middleware\Authenticate | App\Http\Middleware\AdminMiddleware | App\Http\Middleware\PermissionMiddleware:pos.manage
,PATCH,admin/pos/carts/{posCart}/items/{posCartItem}/discount,admin.pos.items.discount.update,App\Http\Controllers\Admin\PosController@updateItemDiscount,web | App\Http\Middleware\Authenticate | App\Http\Middleware\AdminMiddleware | App\Http\Middleware\PermissionMiddleware:pos.manage | App\Http\Middleware\PermissionMiddleware:pos.discount
,POST,admin/pos/carts/{posCart}/products/{product},admin.pos.catalog.add,App\Http\Controllers\Admin\PosController@addCatalogItem,web | App\Http\Middleware\Authenticate | App\Http\Middleware\AdminMiddleware | App\Http\Middleware\PermissionMiddleware:pos.manage
,POST,admin/pos/carts/{posCart}/resume,admin.pos.resume,App\Http\Controllers\Admin\PosController@resume,web | App\Http\Middleware\Authenticate | App\Http\Middleware\AdminMiddleware | App\Http\Middleware\PermissionMiddleware:pos.manage
,POST,admin/pos/carts/{posCart}/scan,admin.pos.scan,App\Http\Controllers\Admin\PosController@scan,web | App\Http\Middleware\Authenticate | App\Http\Middleware\AdminMiddleware | App\Http\Middleware\PermissionMiddleware:pos.manage
,GET|HEAD,admin/pos/lookups/customers,admin.pos.lookups.customers,App\Http\Controllers\Admin\PosController@customerLookup,web | App\Http\Middleware\Authenticate | App\Http\Middleware\AdminMiddleware | App\Http\Middleware\PermissionMiddleware:pos.manage
,GET|HEAD,admin/pos/lookups/products,admin.pos.lookups.products,App\Http\Controllers\Admin\PosController@productLookup,web | App\Http\Middleware\Authenticate | App\Http\Middleware\AdminMiddleware | App\Http\Middleware\PermissionMiddleware:pos.manage
,GET|HEAD,admin/pos/sales/{order},admin.pos.sales.show,App\Http\Controllers\Admin\PosController@sale,web | App\Http\Middleware\Authenticate | App\Http\Middleware\AdminMiddleware | App\Http\Middleware\PermissionMiddleware:pos.manage
,POST,admin/pos/sales/{order}/return,admin.pos.sales.return,App\Http\Controllers\Admin\PosController@processReturn,web | App\Http\Middleware\Authenticate | App\Http\Middleware\AdminMiddleware | App\Http\Middleware\PermissionMiddleware:pos.manage | App\Http\Middleware\PermissionMiddleware:pos.return
,GET|HEAD,admin/pos/shifts,admin.pos.shifts.index,App\Http\Controllers\Admin\PosController@shifts,web | App\Http\Middleware\Authenticate | App\Http\Middleware\AdminMiddleware | App\Http\Middleware\PermissionMiddleware:pos.shifts.review
,POST,admin/pos/shifts/open,admin.pos.shifts.open,App\Http\Controllers\Admin\PosController@openShift,web | App\Http\Middleware\Authenticate | App\Http\Middleware\AdminMiddleware | App\Http\Middleware\PermissionMiddleware:pos.manage
,POST,admin/pos/shifts/{posCashShift}/close,admin.pos.shifts.close,App\Http\Controllers\Admin\PosController@closeShift,web | App\Http\Middleware\Authenticate | App\Http\Middleware\AdminMiddleware | App\Http\Middleware\PermissionMiddleware:pos.manage
,GET|HEAD,admin/products,admin.products.index,App\Http\Controllers\Admin\ProductController@index,web | App\Http\Middleware\Authenticate | App\Http\Middleware\AdminMiddleware | App\Http\Middleware\PermissionMiddleware:catalog.manage
,POST,admin/products,admin.products.store,App\Http\Controllers\Admin\ProductController@store,web | App\Http\Middleware\Authenticate | App\Http\Middleware\AdminMiddleware | App\Http\Middleware\PermissionMiddleware:catalog.manage
,GET|HEAD,admin/products/create,admin.products.create,App\Http\Controllers\Admin\ProductController@create,web | App\Http\Middleware\Authenticate | App\Http\Middleware\AdminMiddleware | App\Http\Middleware\PermissionMiddleware:catalog.manage
,DELETE,admin/products/{product},admin.products.destroy,App\Http\Controllers\Admin\ProductController@destroy,web | App\Http\Middleware\Authenticate | App\Http\Middleware\AdminMiddleware | App\Http\Middleware\PermissionMiddleware:catalog.manage
,PUT,admin/products/{product},admin.products.update,App\Http\Controllers\Admin\ProductController@update,web | App\Http\Middleware\Authenticate | App\Http\Middleware\AdminMiddleware | App\Http\Middleware\PermissionMiddleware:catalog.manage
,GET|HEAD,admin/products/{product}/edit,admin.products.edit,App\Http\Controllers\Admin\ProductController@edit,web | App\Http\Middleware\Authenticate | App\Http\Middleware\AdminMiddleware | App\Http\Middleware\PermissionMiddleware:catalog.manage
,GET|HEAD,admin/promotions,admin.promotions.index,App\Http\Controllers\Admin\PromotionController@index,web | App\Http\Middleware\Authenticate | App\Http\Middleware\AdminMiddleware | App\Http\Middleware\PermissionMiddleware:promotions.manage
,POST,admin/promotions,admin.promotions.store,App\Http\Controllers\Admin\PromotionController@store,web | App\Http\Middleware\Authenticate | App\Http\Middleware\AdminMiddleware | App\Http\Middleware\PermissionMiddleware:promotions.manage
,GET|HEAD,admin/promotions/create,admin.promotions.create,App\Http\Controllers\Admin\PromotionController@create,web | App\Http\Middleware\Authenticate | App\Http\Middleware\AdminMiddleware | App\Http\Middleware\PermissionMiddleware:promotions.manage
,DELETE,admin/promotions/{promotion},admin.promotions.destroy,App\Http\Controllers\Admin\PromotionController@destroy,web | App\Http\Middleware\Authenticate | App\Http\Middleware\AdminMiddleware | App\Http\Middleware\PermissionMiddleware:promotions.manage
,PUT,admin/promotions/{promotion},admin.promotions.update,App\Http\Controllers\Admin\PromotionController@update,web | App\Http\Middleware\Authenticate | App\Http\Middleware\AdminMiddleware | App\Http\Middleware\PermissionMiddleware:promotions.manage
,GET|HEAD,admin/promotions/{promotion}/edit,admin.promotions.edit,App\Http\Controllers\Admin\PromotionController@edit,web | App\Http\Middleware\Authenticate | App\Http\Middleware\AdminMiddleware | App\Http\Middleware\PermissionMiddleware:promotions.manage
,GET|HEAD,admin/purchases,admin.purchases.index,App\Http\Controllers\Admin\PurchaseController@index,web | App\Http\Middleware\Authenticate | App\Http\Middleware\AdminMiddleware | App\Http\Middleware\PermissionMiddleware:inventory.manage
,POST,admin/purchases,admin.purchases.store,App\Http\Controllers\Admin\PurchaseController@store,web | App\Http\Middleware\Authenticate | App\Http\Middleware\AdminMiddleware | App\Http\Middleware\PermissionMiddleware:inventory.manage
,GET|HEAD,admin/purchases/create,admin.purchases.create,App\Http\Controllers\Admin\PurchaseController@create,web | App\Http\Middleware\Authenticate | App\Http\Middleware\AdminMiddleware | App\Http\Middleware\PermissionMiddleware:inventory.manage
,GET|HEAD,admin/purchases/{purchase},admin.purchases.show,App\Http\Controllers\Admin\PurchaseController@show,web | App\Http\Middleware\Authenticate | App\Http\Middleware\AdminMiddleware | App\Http\Middleware\PermissionMiddleware:inventory.manage
,POST,admin/purchases/{purchase}/receive,admin.purchases.receive,App\Http\Controllers\Admin\PurchaseController@receive,web | App\Http\Middleware\Authenticate | App\Http\Middleware\AdminMiddleware | App\Http\Middleware\PermissionMiddleware:inventory.manage
,POST,admin/purchases/{purchase}/receive-verified,admin.purchases.receive-verified,App\Http\Controllers\Admin\PurchaseController@receiveVerified,web | App\Http\Middleware\Authenticate | App\Http\Middleware\AdminMiddleware | App\Http\Middleware\PermissionMiddleware:inventory.manage
,GET|HEAD,admin/purchases/{purchase}/receiving,admin.purchases.receiving,App\Http\Controllers\Admin\PurchaseController@receiving,web | App\Http\Middleware\Authenticate | App\Http\Middleware\AdminMiddleware | App\Http\Middleware\PermissionMiddleware:inventory.manage
,POST,admin/purchases/{purchase}/receiving/items/{purchaseItem}/undo,admin.purchases.receiving.undo,App\Http\Controllers\Admin\PurchaseController@undoReceiving,web | App\Http\Middleware\Authenticate | App\Http\Middleware\AdminMiddleware | App\Http\Middleware\PermissionMiddleware:inventory.manage
,POST,admin/purchases/{purchase}/receiving/scan,admin.purchases.receiving.scan,App\Http\Controllers\Admin\PurchaseController@scanReceiving,web | App\Http\Middleware\Authenticate | App\Http\Middleware\AdminMiddleware | App\Http\Middleware\PermissionMiddleware:inventory.manage
,GET|HEAD,admin/returns,admin.returns.index,App\Http\Controllers\Admin\ReturnRequestController@index,web | App\Http\Middleware\Authenticate | App\Http\Middleware\AdminMiddleware | App\Http\Middleware\PermissionMiddleware:orders.view
,GET|HEAD,admin/returns/{returnRequest},admin.returns.show,App\Http\Controllers\Admin\ReturnRequestController@show,web | App\Http\Middleware\Authenticate | App\Http\Middleware\AdminMiddleware | App\Http\Middleware\PermissionMiddleware:orders.view
,PATCH,admin/returns/{returnRequest}/approve,admin.returns.approve,App\Http\Controllers\Admin\ReturnRequestController@approve,web | App\Http\Middleware\Authenticate | App\Http\Middleware\AdminMiddleware | App\Http\Middleware\PermissionMiddleware:orders.manage
,PATCH,admin/returns/{returnRequest}/complete,admin.returns.complete,App\Http\Controllers\Admin\ReturnRequestController@complete,web | App\Http\Middleware\Authenticate | App\Http\Middleware\AdminMiddleware | App\Http\Middleware\PermissionMiddleware:orders.manage
,PATCH,admin/returns/{returnRequest}/receive,admin.returns.receive,App\Http\Controllers\Admin\ReturnRequestController@receive,web | App\Http\Middleware\Authenticate | App\Http\Middleware\AdminMiddleware | App\Http\Middleware\PermissionMiddleware:orders.manage
,PATCH,admin/returns/{returnRequest}/reject,admin.returns.reject,App\Http\Controllers\Admin\ReturnRequestController@reject,web | App\Http\Middleware\Authenticate | App\Http\Middleware\AdminMiddleware | App\Http\Middleware\PermissionMiddleware:orders.manage
,GET|HEAD,admin/reviews,admin.reviews.index,App\Http\Controllers\Admin\ProductReviewController@index,web | App\Http\Middleware\Authenticate | App\Http\Middleware\AdminMiddleware | App\Http\Middleware\PermissionMiddleware:reviews.manage
,PATCH,admin/reviews/{review}/moderate,admin.reviews.moderate,App\Http\Controllers\Admin\ProductReviewController@moderate,web | App\Http\Middleware\Authenticate | App\Http\Middleware\AdminMiddleware | App\Http\Middleware\PermissionMiddleware:reviews.manage
,GET|HEAD,admin/settings/deploy-center,admin.settings.deploy-center,App\Http\Controllers\Admin\DeployCenterController@index,web | App\Http\Middleware\Authenticate | App\Http\Middleware\AdminMiddleware | App\Http\Middleware\PermissionMiddleware:deploy.manage
,POST,admin/settings/deploy-center/deploy,admin.settings.deploy-center.deploy,App\Http\Controllers\Admin\DeployCenterController@deploy,web | App\Http\Middleware\Authenticate | App\Http\Middleware\AdminMiddleware | App\Http\Middleware\PermissionMiddleware:deploy.manage
,POST,admin/settings/deploy-center/rollback,admin.settings.deploy-center.rollback,App\Http\Controllers\Admin\DeployCenterController@rollback,web | App\Http\Middleware\Authenticate | App\Http\Middleware\AdminMiddleware | App\Http\Middleware\PermissionMiddleware:deploy.manage
,GET|HEAD,admin/settings/notifications,admin.settings.notifications,App\Http\Controllers\Admin\NotificationCenterController@edit,web | App\Http\Middleware\Authenticate | App\Http\Middleware\AdminMiddleware | App\Http\Middleware\PermissionMiddleware:settings.manage
,PUT,admin/settings/notifications,admin.settings.notifications.update,App\Http\Controllers\Admin\NotificationCenterController@update,web | App\Http\Middleware\Authenticate | App\Http\Middleware\AdminMiddleware | App\Http\Middleware\PermissionMiddleware:settings.manage
,GET|HEAD,admin/settings/notifications/automation,admin.settings.notifications.automation,App\Http\Controllers\Admin\NotificationCenterController@automation,web | App\Http\Middleware\Authenticate | App\Http\Middleware\AdminMiddleware | App\Http\Middleware\PermissionMiddleware:settings.manage
,POST,admin/settings/notifications/automation-rules,admin.settings.notifications.automation-rules.save,App\Http\Controllers\Admin\NotificationCenterController@saveAutomationRule,web | App\Http\Middleware\Authenticate | App\Http\Middleware\AdminMiddleware | App\Http\Middleware\PermissionMiddleware:settings.manage
,GET|HEAD,admin/settings/notifications/diagnostics,admin.settings.notifications.diagnostics,App\Http\Controllers\Admin\NotificationCenterController@diagnostics,web | App\Http\Middleware\Authenticate | App\Http\Middleware\AdminMiddleware | App\Http\Middleware\PermissionMiddleware:settings.manage
,GET|HEAD,admin/settings/notifications/logs,admin.settings.notifications.logs,App\Http\Controllers\Admin\NotificationCenterController@logs,web | App\Http\Middleware\Authenticate | App\Http\Middleware\AdminMiddleware | App\Http\Middleware\PermissionMiddleware:settings.manage
,POST,admin/settings/notifications/logs/{log}/retry,admin.settings.notifications.retry-log,App\Http\Controllers\Admin\NotificationCenterController@retryLog,web | App\Http\Middleware\Authenticate | App\Http\Middleware\AdminMiddleware | App\Http\Middleware\PermissionMiddleware:settings.manage
,POST,admin/settings/notifications/logs/{log}/run-escalation,admin.settings.notifications.run-escalation,App\Http\Controllers\Admin\NotificationCenterController@runEscalation,web | App\Http\Middleware\Authenticate | App\Http\Middleware\AdminMiddleware | App\Http\Middleware\PermissionMiddleware:settings.manage
,POST,admin/settings/notifications/queue/retry-failed-job,admin.settings.notifications.retry-failed-job,App\Http\Controllers\Admin\NotificationCenterController@retryFailedQueueJob,web | App\Http\Middleware\Authenticate | App\Http\Middleware\AdminMiddleware | App\Http\Middleware\PermissionMiddleware:settings.manage
,POST,admin/settings/notifications/run-scanner,admin.settings.notifications.run-scanner,App\Http\Controllers\Admin\NotificationCenterController@runScanner,web | App\Http\Middleware\Authenticate | App\Http\Middleware\AdminMiddleware | App\Http\Middleware\PermissionMiddleware:settings.manage
,GET|HEAD,admin/settings/notifications/templates,admin.settings.notifications.templates,App\Http\Controllers\Admin\NotificationCenterController@templates,web | App\Http\Middleware\Authenticate | App\Http\Middleware\AdminMiddleware | App\Http\Middleware\PermissionMiddleware:settings.manage
,POST,admin/settings/notifications/templates,admin.settings.notifications.templates.save,App\Http\Controllers\Admin\NotificationCenterController@saveTemplate,web | App\Http\Middleware\Authenticate | App\Http\Middleware\AdminMiddleware | App\Http\Middleware\PermissionMiddleware:settings.manage
,POST,admin/settings/notifications/test-send,admin.settings.notifications.test-send,App\Http\Controllers\Admin\NotificationCenterController@sendTest,web | App\Http\Middleware\Authenticate | App\Http\Middleware\AdminMiddleware | App\Http\Middleware\PermissionMiddleware:settings.manage
,POST,admin/settings/notifications/whatsapp-logs/{log}/retry,admin.settings.notifications.retry-whatsapp-log,App\Http\Controllers\Admin\NotificationCenterController@retryWhatsAppLog,web | App\Http\Middleware\Authenticate | App\Http\Middleware\AdminMiddleware | App\Http\Middleware\PermissionMiddleware:settings.manage
,GET|HEAD,admin/settings/payments,admin.settings.payments,App\Http\Controllers\Admin\PaymentSettingsController@edit,web | App\Http\Middleware\Authenticate | App\Http\Middleware\AdminMiddleware | App\Http\Middleware\PermissionMiddleware:payments.settings
,PUT,admin/settings/payments,admin.settings.payments.update,App\Http\Controllers\Admin\PaymentSettingsController@update,web | App\Http\Middleware\Authenticate | App\Http\Middleware\AdminMiddleware | App\Http\Middleware\PermissionMiddleware:payments.settings
,DELETE,admin/settings/shipping/cities/{shippingZoneCity},admin.settings.shipping.cities.destroy,App\Http\Controllers\Admin\ShippingSettingsController@destroyCity,web | App\Http\Middleware\Authenticate | App\Http\Middleware\AdminMiddleware | App\Http\Middleware\PermissionMiddleware:settings.manage
,GET|HEAD,admin/settings/shipping/methods,admin.settings.shipping.methods,App\Http\Controllers\Admin\ShippingSettingsController@methods,web | App\Http\Middleware\Authenticate | App\Http\Middleware\AdminMiddleware | App\Http\Middleware\PermissionMiddleware:settings.manage
,PUT,admin/settings/shipping/methods/{shippingMethod},admin.settings.shipping.methods.update,App\Http\Controllers\Admin\ShippingSettingsController@updateMethod,web | App\Http\Middleware\Authenticate | App\Http\Middleware\AdminMiddleware | App\Http\Middleware\PermissionMiddleware:settings.manage
,GET|HEAD,admin/settings/shipping/rates,admin.settings.shipping.rates,App\Http\Controllers\Admin\ShippingSettingsController@rates,web | App\Http\Middleware\Authenticate | App\Http\Middleware\AdminMiddleware | App\Http\Middleware\PermissionMiddleware:settings.manage
,POST,admin/settings/shipping/rates,admin.settings.shipping.rates.upsert,App\Http\Controllers\Admin\ShippingSettingsController@upsertRate,web | App\Http\Middleware\Authenticate | App\Http\Middleware\AdminMiddleware | App\Http\Middleware\PermissionMiddleware:settings.manage
,GET|HEAD,admin/settings/shipping/zones,admin.settings.shipping.zones,App\Http\Controllers\Admin\ShippingSettingsController@zones,web | App\Http\Middleware\Authenticate | App\Http\Middleware\AdminMiddleware | App\Http\Middleware\PermissionMiddleware:settings.manage
,POST,admin/settings/shipping/zones,admin.settings.shipping.zones.store,App\Http\Controllers\Admin\ShippingSettingsController@storeZone,web | App\Http\Middleware\Authenticate | App\Http\Middleware\AdminMiddleware | App\Http\Middleware\PermissionMiddleware:settings.manage
,PUT,admin/settings/shipping/zones/{shippingZone},admin.settings.shipping.zones.update,App\Http\Controllers\Admin\ShippingSettingsController@updateZone,web | App\Http\Middleware\Authenticate | App\Http\Middleware\AdminMiddleware | App\Http\Middleware\PermissionMiddleware:settings.manage
,POST,admin/settings/shipping/zones/{shippingZone}/cities,admin.settings.shipping.cities.store,App\Http\Controllers\Admin\ShippingSettingsController@storeCity,web | App\Http\Middleware\Authenticate | App\Http\Middleware\AdminMiddleware | App\Http\Middleware\PermissionMiddleware:settings.manage
,GET|HEAD,admin/settings/whatsapp,admin.settings.whatsapp,App\Http\Controllers\Admin\WhatsAppSettingsController@edit,web | App\Http\Middleware\Authenticate | App\Http\Middleware\AdminMiddleware | App\Http\Middleware\PermissionMiddleware:settings.manage
,PUT,admin/settings/whatsapp,admin.settings.whatsapp.update,App\Http\Controllers\Admin\WhatsAppSettingsController@update,web | App\Http\Middleware\Authenticate | App\Http\Middleware\AdminMiddleware | App\Http\Middleware\PermissionMiddleware:settings.manage
,POST,admin/settings/whatsapp/logs/{log}/retry,admin.settings.whatsapp.retry,App\Http\Controllers\Admin\WhatsAppSettingsController@retry,web | App\Http\Middleware\Authenticate | App\Http\Middleware\AdminMiddleware | App\Http\Middleware\PermissionMiddleware:settings.manage
,POST,admin/settings/whatsapp/orders/{order}/resend,admin.settings.whatsapp.order-resend,App\Http\Controllers\Admin\WhatsAppSettingsController@resendOrderEvent,web | App\Http\Middleware\Authenticate | App\Http\Middleware\AdminMiddleware | App\Http\Middleware\PermissionMiddleware:settings.manage
,POST,admin/settings/whatsapp/send-order-event,admin.settings.whatsapp.send-order-event,App\Http\Controllers\Admin\WhatsAppSettingsController@sendOrderEvent,web | App\Http\Middleware\Authenticate | App\Http\Middleware\AdminMiddleware | App\Http\Middleware\PermissionMiddleware:settings.manage
,POST,admin/settings/whatsapp/test-send,admin.settings.whatsapp.test-send,App\Http\Controllers\Admin\WhatsAppSettingsController@testSend,web | App\Http\Middleware\Authenticate | App\Http\Middleware\AdminMiddleware | App\Http\Middleware\PermissionMiddleware:settings.manage
,GET|HEAD,admin/suppliers,admin.suppliers.index,App\Http\Controllers\Admin\SupplierController@index,web | App\Http\Middleware\Authenticate | App\Http\Middleware\AdminMiddleware | App\Http\Middleware\PermissionMiddleware:inventory.manage
,POST,admin/suppliers,admin.suppliers.store,App\Http\Controllers\Admin\SupplierController@store,web | App\Http\Middleware\Authenticate | App\Http\Middleware\AdminMiddleware | App\Http\Middleware\PermissionMiddleware:inventory.manage
,GET|HEAD,admin/suppliers/create,admin.suppliers.create,App\Http\Controllers\Admin\SupplierController@create,web | App\Http\Middleware\Authenticate | App\Http\Middleware\AdminMiddleware | App\Http\Middleware\PermissionMiddleware:inventory.manage
,DELETE,admin/suppliers/{supplier},admin.suppliers.destroy,App\Http\Controllers\Admin\SupplierController@destroy,web | App\Http\Middleware\Authenticate | App\Http\Middleware\AdminMiddleware | App\Http\Middleware\PermissionMiddleware:inventory.manage
,PUT,admin/suppliers/{supplier},admin.suppliers.update,App\Http\Controllers\Admin\SupplierController@update,web | App\Http\Middleware\Authenticate | App\Http\Middleware\AdminMiddleware | App\Http\Middleware\PermissionMiddleware:inventory.manage
,GET|HEAD,admin/suppliers/{supplier}/edit,admin.suppliers.edit,App\Http\Controllers\Admin\SupplierController@edit,web | App\Http\Middleware\Authenticate | App\Http\Middleware\AdminMiddleware | App\Http\Middleware\PermissionMiddleware:inventory.manage
,GET|HEAD,admin/support,admin.support.index,App\Http\Controllers\Admin\SupportCaseController@index,web | App\Http\Middleware\Authenticate | App\Http\Middleware\AdminMiddleware | App\Http\Middleware\PermissionMiddleware:support.view
,POST,admin/support,admin.support.store,App\Http\Controllers\Admin\SupportCaseController@store,web | App\Http\Middleware\Authenticate | App\Http\Middleware\AdminMiddleware | App\Http\Middleware\PermissionMiddleware:support.manage
,GET|HEAD,admin/support/create,admin.support.create,App\Http\Controllers\Admin\SupportCaseController@create,web | App\Http\Middleware\Authenticate | App\Http\Middleware\AdminMiddleware | App\Http\Middleware\PermissionMiddleware:support.manage
,GET|HEAD,admin/support/settings,admin.support.settings,App\Http\Controllers\Admin\SupportCaseController@settings,web | App\Http\Middleware\Authenticate | App\Http\Middleware\AdminMiddleware | App\Http\Middleware\PermissionMiddleware:support.manage
,PUT,admin/support/settings/sla,admin.support.settings.sla,App\Http\Controllers\Admin\SupportCaseController@updateSla,web | App\Http\Middleware\Authenticate | App\Http\Middleware\AdminMiddleware | App\Http\Middleware\PermissionMiddleware:support.manage
,POST,admin/support/templates,admin.support.templates.store,App\Http\Controllers\Admin\SupportCaseController@storeTemplate,web | App\Http\Middleware\Authenticate | App\Http\Middleware\AdminMiddleware | App\Http\Middleware\PermissionMiddleware:support.manage
,PUT,admin/support/templates/{supportReplyTemplate},admin.support.templates.update,App\Http\Controllers\Admin\SupportCaseController@updateTemplate,web | App\Http\Middleware\Authenticate | App\Http\Middleware\AdminMiddleware | App\Http\Middleware\PermissionMiddleware:support.manage
,PATCH,admin/support/templates/{supportReplyTemplate}/toggle,admin.support.templates.toggle,App\Http\Controllers\Admin\SupportCaseController@toggleTemplate,web | App\Http\Middleware\Authenticate | App\Http\Middleware\AdminMiddleware | App\Http\Middleware\PermissionMiddleware:support.manage
,GET|HEAD,admin/support/{supportCase},admin.support.show,App\Http\Controllers\Admin\SupportCaseController@show,web | App\Http\Middleware\Authenticate | App\Http\Middleware\AdminMiddleware | App\Http\Middleware\PermissionMiddleware:support.view
,PATCH,admin/support/{supportCase},admin.support.update,App\Http\Controllers\Admin\SupportCaseController@update,web | App\Http\Middleware\Authenticate | App\Http\Middleware\AdminMiddleware | App\Http\Middleware\PermissionMiddleware:support.manage
,POST,admin/support/{supportCase}/reply,admin.support.reply,App\Http\Controllers\Admin\SupportCaseController@reply,web | App\Http\Middleware\Authenticate | App\Http\Middleware\AdminMiddleware | App\Http\Middleware\PermissionMiddleware:support.manage
,GET|HEAD,admin/workforce/attendance,admin.workforce.attendance.index,App\Http\Controllers\Admin\AttendanceController@index,web | App\Http\Middleware\Authenticate | App\Http\Middleware\AdminMiddleware | App\Http\Middleware\PermissionMiddleware:workforce.view
,GET|HEAD,admin/workforce/corrections,admin.workforce.corrections.index,App\Http\Controllers\Admin\AttendanceCorrectionController@index,web | App\Http\Middleware\Authenticate | App\Http\Middleware\AdminMiddleware | App\Http\Middleware\PermissionMiddleware:workforce.view
,PATCH,admin/workforce/corrections/{employeeAttendanceCorrection}/approve,admin.workforce.corrections.approve,App\Http\Controllers\Admin\AttendanceCorrectionController@approve,web | App\Http\Middleware\Authenticate | App\Http\Middleware\AdminMiddleware | App\Http\Middleware\PermissionMiddleware:workforce.manage
,PATCH,admin/workforce/corrections/{employeeAttendanceCorrection}/reject,admin.workforce.corrections.reject,App\Http\Controllers\Admin\AttendanceCorrectionController@reject,web | App\Http\Middleware\Authenticate | App\Http\Middleware\AdminMiddleware | App\Http\Middleware\PermissionMiddleware:workforce.manage
,GET|HEAD,admin/workforce/employees,admin.workforce.employees.index,App\Http\Controllers\Admin\EmployeeController@index,web | App\Http\Middleware\Authenticate | App\Http\Middleware\AdminMiddleware | App\Http\Middleware\PermissionMiddleware:workforce.view
,POST,admin/workforce/employees,admin.workforce.employees.store,App\Http\Controllers\Admin\EmployeeController@store,web | App\Http\Middleware\Authenticate | App\Http\Middleware\AdminMiddleware | App\Http\Middleware\PermissionMiddleware:workforce.manage
,GET|HEAD,admin/workforce/employees/create,admin.workforce.employees.create,App\Http\Controllers\Admin\EmployeeController@create,web | App\Http\Middleware\Authenticate | App\Http\Middleware\AdminMiddleware | App\Http\Middleware\PermissionMiddleware:workforce.manage
,PUT,admin/workforce/employees/{employeeProfile},admin.workforce.employees.update,App\Http\Controllers\Admin\EmployeeController@update,web | App\Http\Middleware\Authenticate | App\Http\Middleware\AdminMiddleware | App\Http\Middleware\PermissionMiddleware:workforce.manage
,GET|HEAD,admin/workforce/employees/{employeeProfile}/edit,admin.workforce.employees.edit,App\Http\Controllers\Admin\EmployeeController@edit,web | App\Http\Middleware\Authenticate | App\Http\Middleware\AdminMiddleware | App\Http\Middleware\PermissionMiddleware:workforce.manage
,GET|HEAD,admin/workforce/leave,admin.workforce.leave.index,App\Http\Controllers\Admin\LeaveController@index,web | App\Http\Middleware\Authenticate | App\Http\Middleware\AdminMiddleware | App\Http\Middleware\PermissionMiddleware:workforce.view
,GET|HEAD,admin/workforce/leave-adjustment,admin.workforce.leave.adjustment,App\Http\Controllers\Admin\LeaveController@adjustmentForm,web | App\Http\Middleware\Authenticate | App\Http\Middleware\AdminMiddleware | App\Http\Middleware\PermissionMiddleware:workforce.manage
,POST,admin/workforce/leave-adjustment,admin.workforce.leave.adjust,App\Http\Controllers\Admin\LeaveController@adjustBalance,web | App\Http\Middleware\Authenticate | App\Http\Middleware\AdminMiddleware | App\Http\Middleware\PermissionMiddleware:workforce.manage
,GET|HEAD,admin/workforce/leave-types,admin.workforce.leave-types.index,App\Http\Controllers\Admin\LeaveTypeController@index,web | App\Http\Middleware\Authenticate | App\Http\Middleware\AdminMiddleware | App\Http\Middleware\PermissionMiddleware:workforce.view
,POST,admin/workforce/leave-types,admin.workforce.leave-types.store,App\Http\Controllers\Admin\LeaveTypeController@store,web | App\Http\Middleware\Authenticate | App\Http\Middleware\AdminMiddleware | App\Http\Middleware\PermissionMiddleware:workforce.manage
,GET|HEAD,admin/workforce/leave-types/create,admin.workforce.leave-types.create,App\Http\Controllers\Admin\LeaveTypeController@create,web | App\Http\Middleware\Authenticate | App\Http\Middleware\AdminMiddleware | App\Http\Middleware\PermissionMiddleware:workforce.manage
,PUT,admin/workforce/leave-types/{employeeLeaveType},admin.workforce.leave-types.update,App\Http\Controllers\Admin\LeaveTypeController@update,web | App\Http\Middleware\Authenticate | App\Http\Middleware\AdminMiddleware | App\Http\Middleware\PermissionMiddleware:workforce.manage
,GET|HEAD,admin/workforce/leave-types/{employeeLeaveType}/edit,admin.workforce.leave-types.edit,App\Http\Controllers\Admin\LeaveTypeController@edit,web | App\Http\Middleware\Authenticate | App\Http\Middleware\AdminMiddleware | App\Http\Middleware\PermissionMiddleware:workforce.manage
,PATCH,admin/workforce/leave/{employeeLeaveRequest}/approve,admin.workforce.leave.approve,App\Http\Controllers\Admin\LeaveController@approve,web | App\Http\Middleware\Authenticate | App\Http\Middleware\AdminMiddleware | App\Http\Middleware\PermissionMiddleware:workforce.manage
,PATCH,admin/workforce/leave/{employeeLeaveRequest}/reject,admin.workforce.leave.reject,App\Http\Controllers\Admin\LeaveController@reject,web | App\Http\Middleware\Authenticate | App\Http\Middleware\AdminMiddleware | App\Http\Middleware\PermissionMiddleware:workforce.manage
,GET|HEAD,admin/workforce/my-leave,admin.workforce.my-leave,App\Http\Controllers\Admin\LeaveController@myLeave,web | App\Http\Middleware\Authenticate | App\Http\Middleware\AdminMiddleware | App\Http\Middleware\PermissionMiddleware:workforce.clock
,POST,admin/workforce/my-leave/request,admin.workforce.leave.request,App\Http\Controllers\Admin\LeaveController@requestLeave,web | App\Http\Middleware\Authenticate | App\Http\Middleware\AdminMiddleware | App\Http\Middleware\PermissionMiddleware:workforce.clock
,PATCH,admin/workforce/my-leave/{employeeLeaveRequest}/cancel,admin.workforce.leave.cancel,App\Http\Controllers\Admin\LeaveController@cancelLeave,web | App\Http\Middleware\Authenticate | App\Http\Middleware\AdminMiddleware | App\Http\Middleware\PermissionMiddleware:workforce.clock
,GET|HEAD,admin/workforce/my-payslips,admin.workforce.payroll.my-payslips,App\Http\Controllers\Admin\PayrollController@myPayslips,web | App\Http\Middleware\Authenticate | App\Http\Middleware\AdminMiddleware | App\Http\Middleware\PermissionMiddleware:workforce.payroll.self
,GET|HEAD,admin/workforce/my-payslips/{payrollEntry},admin.workforce.payroll.my-payslip,App\Http\Controllers\Admin\PayrollController@myPayslip,web | App\Http\Middleware\Authenticate | App\Http\Middleware\AdminMiddleware | App\Http\Middleware\PermissionMiddleware:workforce.payroll.self
,GET|HEAD,admin/workforce/my-schedule,admin.workforce.my-schedule,App\Http\Controllers\Admin\WorkShiftController@mySchedule,web | App\Http\Middleware\Authenticate | App\Http\Middleware\AdminMiddleware | App\Http\Middleware\PermissionMiddleware:workforce.clock
,GET|HEAD,admin/workforce/payroll,admin.workforce.payroll.index,App\Http\Controllers\Admin\PayrollController@index,web | App\Http\Middleware\Authenticate | App\Http\Middleware\AdminMiddleware | App\Http\Middleware\PermissionMiddleware:workforce.payroll.view
,DELETE,admin/workforce/payroll/adjustments/{payrollAdjustment},admin.workforce.payroll.adjustments.destroy,App\Http\Controllers\Admin\PayrollController@removeAdjustment,web | App\Http\Middleware\Authenticate | App\Http\Middleware\AdminMiddleware | App\Http\Middleware\PermissionMiddleware:workforce.payroll.manage
,GET|HEAD,admin/workforce/payroll/compensation,admin.workforce.payroll.compensation.index,App\Http\Controllers\Admin\CompensationController@index,web | App\Http\Middleware\Authenticate | App\Http\Middleware\AdminMiddleware | App\Http\Middleware\PermissionMiddleware:workforce.payroll.view
,PUT,admin/workforce/payroll/compensation/{employeeProfile},admin.workforce.payroll.compensation.update,App\Http\Controllers\Admin\CompensationController@update,web | App\Http\Middleware\Authenticate | App\Http\Middleware\AdminMiddleware | App\Http\Middleware\PermissionMiddleware:workforce.payroll.manage
,GET|HEAD,admin/workforce/payroll/compensation/{employeeProfile}/edit,admin.workforce.payroll.compensation.edit,App\Http\Controllers\Admin\CompensationController@edit,web | App\Http\Middleware\Authenticate | App\Http\Middleware\AdminMiddleware | App\Http\Middleware\PermissionMiddleware:workforce.payroll.manage
,GET|HEAD,admin/workforce/payroll/entries/{payrollEntry},admin.workforce.payroll.entries.show,App\Http\Controllers\Admin\PayrollController@showEntry,web | App\Http\Middleware\Authenticate | App\Http\Middleware\AdminMiddleware | App\Http\Middleware\PermissionMiddleware:workforce.payroll.view
,POST,admin/workforce/payroll/entries/{payrollEntry}/adjustments,admin.workforce.payroll.adjustments.store,App\Http\Controllers\Admin\PayrollController@addAdjustment,web | App\Http\Middleware\Authenticate | App\Http\Middleware\AdminMiddleware | App\Http\Middleware\PermissionMiddleware:workforce.payroll.manage
,POST,admin/workforce/payroll/periods,admin.workforce.payroll.periods.store,App\Http\Controllers\Admin\PayrollController@storePeriod,web | App\Http\Middleware\Authenticate | App\Http\Middleware\AdminMiddleware | App\Http\Middleware\PermissionMiddleware:workforce.payroll.manage
,POST,admin/workforce/payroll/periods/{payrollPeriod}/generate,admin.workforce.payroll.periods.generate,App\Http\Controllers\Admin\PayrollController@generate,web | App\Http\Middleware\Authenticate | App\Http\Middleware\AdminMiddleware | App\Http\Middleware\PermissionMiddleware:workforce.payroll.manage
,GET|HEAD,admin/workforce/payroll/runs/{payrollRun},admin.workforce.payroll.runs.show,App\Http\Controllers\Admin\PayrollController@showRun,web | App\Http\Middleware\Authenticate | App\Http\Middleware\AdminMiddleware | App\Http\Middleware\PermissionMiddleware:workforce.payroll.view
,PATCH,admin/workforce/payroll/runs/{payrollRun}/approve,admin.workforce.payroll.runs.approve,App\Http\Controllers\Admin\PayrollController@approve,web | App\Http\Middleware\Authenticate | App\Http\Middleware\AdminMiddleware | App\Http\Middleware\PermissionMiddleware:workforce.payroll.manage
,PATCH,admin/workforce/payroll/runs/{payrollRun}/paid,admin.workforce.payroll.runs.paid,App\Http\Controllers\Admin\PayrollController@markPaid,web | App\Http\Middleware\Authenticate | App\Http\Middleware\AdminMiddleware | App\Http\Middleware\PermissionMiddleware:workforce.payroll.manage
,GET|HEAD,admin/workforce/schedule,admin.workforce.schedule.index,App\Http\Controllers\Admin\WorkShiftController@index,web | App\Http\Middleware\Authenticate | App\Http\Middleware\AdminMiddleware | App\Http\Middleware\PermissionMiddleware:workforce.view
,POST,admin/workforce/schedule,admin.workforce.schedule.store,App\Http\Controllers\Admin\WorkShiftController@store,web | App\Http\Middleware\Authenticate | App\Http\Middleware\AdminMiddleware | App\Http\Middleware\PermissionMiddleware:workforce.manage
,GET|HEAD,admin/workforce/schedule/create,admin.workforce.schedule.create,App\Http\Controllers\Admin\WorkShiftController@create,web | App\Http\Middleware\Authenticate | App\Http\Middleware\AdminMiddleware | App\Http\Middleware\PermissionMiddleware:workforce.manage
,PUT,admin/workforce/schedule/{employeeWorkShift},admin.workforce.schedule.update,App\Http\Controllers\Admin\WorkShiftController@update,web | App\Http\Middleware\Authenticate | App\Http\Middleware\AdminMiddleware | App\Http\Middleware\PermissionMiddleware:workforce.manage
,PATCH,admin/workforce/schedule/{employeeWorkShift}/cancel,admin.workforce.schedule.cancel,App\Http\Controllers\Admin\WorkShiftController@cancel,web | App\Http\Middleware\Authenticate | App\Http\Middleware\AdminMiddleware | App\Http\Middleware\PermissionMiddleware:workforce.manage
,GET|HEAD,admin/workforce/schedule/{employeeWorkShift}/edit,admin.workforce.schedule.edit,App\Http\Controllers\Admin\WorkShiftController@edit,web | App\Http\Middleware\Authenticate | App\Http\Middleware\AdminMiddleware | App\Http\Middleware\PermissionMiddleware:workforce.manage
,GET|HEAD,admin/workforce/time-clock,admin.workforce.time-clock,App\Http\Controllers\Admin\AttendanceController@timeClock,web | App\Http\Middleware\Authenticate | App\Http\Middleware\AdminMiddleware | App\Http\Middleware\PermissionMiddleware:workforce.clock
,POST,admin/workforce/time-clock/break/end,admin.workforce.break-end,App\Http\Controllers\Admin\AttendanceController@endBreak,web | App\Http\Middleware\Authenticate | App\Http\Middleware\AdminMiddleware | App\Http\Middleware\PermissionMiddleware:workforce.clock
,POST,admin/workforce/time-clock/break/start,admin.workforce.break-start,App\Http\Controllers\Admin\AttendanceController@startBreak,web | App\Http\Middleware\Authenticate | App\Http\Middleware\AdminMiddleware | App\Http\Middleware\PermissionMiddleware:workforce.clock
,POST,admin/workforce/time-clock/in,admin.workforce.clock-in,App\Http\Controllers\Admin\AttendanceController@clockIn,web | App\Http\Middleware\Authenticate | App\Http\Middleware\AdminMiddleware | App\Http\Middleware\PermissionMiddleware:workforce.clock
,POST,admin/workforce/time-clock/out,admin.workforce.clock-out,App\Http\Controllers\Admin\AttendanceController@clockOut,web | App\Http\Middleware\Authenticate | App\Http\Middleware\AdminMiddleware | App\Http\Middleware\PermissionMiddleware:workforce.clock
,GET|HEAD,admin/workforce/time-clock/sessions/{employeeAttendanceSession}/correction,admin.workforce.corrections.create,App\Http\Controllers\Admin\AttendanceCorrectionController@create,web | App\Http\Middleware\Authenticate | App\Http\Middleware\AdminMiddleware | App\Http\Middleware\PermissionMiddleware:workforce.clock
,POST,admin/workforce/time-clock/sessions/{employeeAttendanceSession}/correction,admin.workforce.corrections.store,App\Http\Controllers\Admin\AttendanceCorrectionController@store,web | App\Http\Middleware\Authenticate | App\Http\Middleware\AdminMiddleware | App\Http\Middleware\PermissionMiddleware:workforce.clock
,POST,api/internal/deploy-center/execute,,App\Http\Controllers\Admin\DeployCenterExecutorController@execute,api
,GET|HEAD,api/internal/deploy-center/status,,App\Http\Controllers\Admin\DeployCenterExecutorController@status,api
,GET|HEAD,api/ping,,Closure,api
,GET|HEAD,api/user,,Closure,api | App\Http\Middleware\Authenticate:sanctum
,GET|HEAD,branding-media/{path},branding.media,Closure,web
,GET|HEAD,cart,cart.index,App\Http\Controllers\Frontend\CartController@index,web
,DELETE,cart/coupon,cart.coupon.remove,App\Http\Controllers\Frontend\CartController@removeCoupon,web
,POST,cart/coupon,cart.coupon.apply,App\Http\Controllers\Frontend\CartController@applyCoupon,web
,DELETE,cart/items/{cartItem},cart.destroy,App\Http\Controllers\Frontend\CartController@destroy,web
,PATCH,cart/items/{cartItem},cart.update,App\Http\Controllers\Frontend\CartController@update,web
,POST,cart/{product},cart.store,App\Http\Controllers\Frontend\CartController@store,web
,POST,cart/{product}/bundle,cart.bundle.store,App\Http\Controllers\Frontend\CartController@storeBundle,web
,GET|HEAD,category/{id},category.products,App\Http\Controllers\Frontend\FrontendController@showCategoryProducts,web
,GET|HEAD,checkout,checkout.index,App\Http\Controllers\Frontend\CheckoutController@index,web | App\Http\Middleware\Authenticate
,POST,checkout,checkout.store,App\Http\Controllers\Frontend\CheckoutController@store,web | App\Http\Middleware\Authenticate
,POST,checkout/shipping-quote,checkout.shipping-quote,App\Http\Controllers\Frontend\CheckoutController@shippingQuote,web | App\Http\Middleware\Authenticate
,GET|HEAD,contact,frontend.contact,App\Http\Controllers\Frontend\ContentPageController@contact,web
,GET|HEAD,home,home,App\Http\Controllers\HomeController@index,web | App\Http\Middleware\Authenticate
,GET|HEAD,livewire-012c1575/css/{component}.css,,Closure,
,GET|HEAD,livewire-012c1575/css/{component}.global.css,,Closure,
,GET|HEAD,livewire-012c1575/js/{component}.js,,Closure,
,GET|HEAD,livewire-012c1575/livewire.csp.min.js.map,,Livewire\Mechanisms\FrontendAssets\FrontendAssets@cspMaps,
,GET|HEAD,livewire-012c1575/livewire.min.js,,Livewire\Mechanisms\FrontendAssets\FrontendAssets@returnJavaScriptAsFile,
,GET|HEAD,livewire-012c1575/livewire.min.js.map,,Livewire\Mechanisms\FrontendAssets\FrontendAssets@maps,
,GET|HEAD,livewire-012c1575/preview-file/{filename},livewire.preview-file,Livewire\Features\SupportFileUploads\FilePreviewController@handle,web
,POST,livewire-012c1575/update,default-livewire.update,Livewire\Mechanisms\HandleRequests\HandleRequests@handleUpdate,web | Livewire\Mechanisms\HandleRequests\RequireLivewireHeaders
,POST,livewire-012c1575/upload-file,livewire.upload-file,Livewire\Features\SupportFileUploads\FileUploadController@handle,"web | Illuminate\Routing\Middleware\ThrottleRequests:60,1"
,GET|HEAD,locale/{locale},locale.switch,Closure,web
,GET|HEAD,login,login,App\Http\Controllers\Auth\LoginController@showLoginForm,web | App\Http\Middleware\RedirectIfAuthenticated
,POST,login,,App\Http\Controllers\Auth\LoginController@login,web | App\Http\Middleware\RedirectIfAuthenticated
,POST,logout,logout,App\Http\Controllers\Auth\LoginController@logout,web | App\Http\Middleware\Authenticate
,GET|HEAD,notifications,notifications.index,App\Http\Controllers\Frontend\NotificationController@index,web | App\Http\Middleware\Authenticate
,PATCH,notifications/read-all,notifications.read-all,App\Http\Controllers\Frontend\NotificationController@markAllRead,web | App\Http\Middleware\Authenticate
,PATCH,notifications/{notification}/read,notifications.read,App\Http\Controllers\Frontend\NotificationController@markRead,web | App\Http\Middleware\Authenticate
,GET|HEAD,order-success/{order},orders.success,App\Http\Controllers\Frontend\CheckoutController@success,web | App\Http\Middleware\Authenticate
,GET|HEAD,orders,orders.index,App\Http\Controllers\Frontend\CheckoutController@orders,web | App\Http\Middleware\Authenticate
,GET|HEAD,orders/{order},orders.show,App\Http\Controllers\Frontend\CheckoutController@showOrder,web | App\Http\Middleware\Authenticate
,PATCH,orders/{order}/cancel,orders.cancel,App\Http\Controllers\Frontend\CheckoutController@cancelOrder,web | App\Http\Middleware\Authenticate
,GET|HEAD,orders/{order}/receipt,orders.receipt,App\Http\Controllers\Frontend\CheckoutController@receipt,web | App\Http\Middleware\Authenticate
,GET|HEAD,orders/{order}/return,returns.create,App\Http\Controllers\Frontend\ReturnController@create,web | App\Http\Middleware\Authenticate
,POST,orders/{order}/return,returns.store,App\Http\Controllers\Frontend\ReturnController@store,web | App\Http\Middleware\Authenticate
,GET|HEAD,password/confirm,password.confirm,App\Http\Controllers\Auth\ConfirmPasswordController@showConfirmForm,web | App\Http\Middleware\Authenticate
,POST,password/confirm,,App\Http\Controllers\Auth\ConfirmPasswordController@confirm,web | App\Http\Middleware\Authenticate
,POST,password/email,password.email,App\Http\Controllers\Auth\ForgotPasswordController@sendResetLinkEmail,web
,GET|HEAD,password/reset,password.request,App\Http\Controllers\Auth\ForgotPasswordController@showLinkRequestForm,web
,POST,password/reset,password.update,App\Http\Controllers\Auth\ResetPasswordController@reset,web
,GET|HEAD,password/reset/{token},password.reset,App\Http\Controllers\Auth\ResetPasswordController@showResetForm,web
,GET|POST|HEAD,payments/paymob/callback,payments.paymob.callback,App\Http\Controllers\Frontend\PaymobController@callback,web
,GET|HEAD,payments/paymob/{order}/redirect,payments.paymob.redirect,App\Http\Controllers\Frontend\PaymobController@redirect,web | App\Http\Middleware\Authenticate
,GET|HEAD,payments/paymob/{order}/result,payments.paymob.result,App\Http\Controllers\Frontend\PaymobController@result,web | App\Http\Middleware\Authenticate
,GET|HEAD,ping,,Closure,web
,GET|HEAD,privacy-policy,frontend.privacy,App\Http\Controllers\Frontend\ContentPageController@privacy,web
,GET|HEAD,products/{product:slug},frontend.products.show,App\Http\Controllers\Frontend\ProductController@show,web
,DELETE,products/{product:slug}/review,reviews.destroy,App\Http\Controllers\Frontend\ProductReviewController@destroy,web | App\Http\Middleware\Authenticate
,POST,products/{product:slug}/review,reviews.store,App\Http\Controllers\Frontend\ProductReviewController@store,web | App\Http\Middleware\Authenticate
,GET|HEAD,refund-policy,frontend.refund,App\Http\Controllers\Frontend\ContentPageController@refund,web
,GET|HEAD,register,register,App\Http\Controllers\Auth\RegisterController@showRegistrationForm,web | App\Http\Middleware\RedirectIfAuthenticated
,POST,register,,App\Http\Controllers\Auth\RegisterController@register,web | App\Http\Middleware\RedirectIfAuthenticated
,GET|HEAD,returns,returns.index,App\Http\Controllers\Frontend\ReturnController@index,web | App\Http\Middleware\Authenticate
,GET|HEAD,returns/{returnRequest},returns.show,App\Http\Controllers\Frontend\ReturnController@show,web | App\Http\Middleware\Authenticate
,PATCH,returns/{returnRequest}/cancel,returns.cancel,App\Http\Controllers\Frontend\ReturnController@cancel,web | App\Http\Middleware\Authenticate
,GET|HEAD,sanctum/csrf-cookie,sanctum.csrf-cookie,Laravel\Sanctum\Http\Controllers\CsrfCookieController@show,web
,GET|HEAD,search,frontend.search,App\Http\Controllers\Frontend\FrontendController@search,web
,GET|HEAD,shipping-policy,frontend.shipping,App\Http\Controllers\Frontend\ContentPageController@shipping,web
,GET|HEAD,support,support.index,App\Http\Controllers\Frontend\SupportController@index,web | App\Http\Middleware\Authenticate
,POST,support,support.store,App\Http\Controllers\Frontend\SupportController@store,web | App\Http\Middleware\Authenticate
,GET|HEAD,support/new,support.create,App\Http\Controllers\Frontend\SupportController@create,web | App\Http\Middleware\Authenticate
,GET|HEAD,support/{supportCase},support.show,App\Http\Controllers\Frontend\SupportController@show,web | App\Http\Middleware\Authenticate
,POST,support/{supportCase}/reply,support.reply,App\Http\Controllers\Frontend\SupportController@reply,web | App\Http\Middleware\Authenticate
,GET|HEAD,terms-and-conditions,frontend.terms,App\Http\Controllers\Frontend\ContentPageController@terms,web
